instrument,anomaly_count,label_issue_count,price_issue_count,max_abs_label_5d
600289.sh,46,45,45,6.523957
002309.sz,45,44,45,0.09868419
002656.sz,42,42,42,
000525.sz,35,32,34,6.682233
603958.sh,35,32,35,0.46492994
600250.sh,25,23,25,0.18060201
601211.sh,22,21,22,0.14904141
002052.sz,18,16,17,7.2976513
600157.sh,17,15,17,45.971027
000559.sz,16,15,15,36.32079
600575.sh,16,15,15,17.532045
600718.sh,16,15,15,15.54763
600725.sh,16,15,15,8.196753
002208.sz,16,15,15,5.115809
600479.sh,15,14,14,14.935957
000958.sz,15,14,15,0.46666658
002277.sz,15,14,15,0.46612465
000973.sz,15,14,15,0.4657097
600889.sh,15,14,15,0.46493506
600292.sh,15,14,15,0.46476507
603196.sh,15,14,15,0.4638933
002693.sz,15,14,15,0.46167254
002743.sz,15,14,15,0.29976302
600322.sh,15,14,15,0.20066887
002873.sz,15,14,15,0.17251194
002715.sz,15,14,15,0.13181317
002838.sz,15,14,15,0.106630266
600027.sh,15,14,15,0.10645169
600482.sh,15,14,15,0.10532403
600179.sh,15,14,15,0.073275924
002736.sz,15,14,15,0.06747782
603776.sh,15,14,15,0.041642547
603160.sh,15,14,15,0.034229815
002761.sz,15,14,15,0.027804494
601107.sh,15,14,15,0.024193525
601456.sh,15,14,15,0.019982696
600150.sh,15,14,15,0.016809046
000859.sz,15,14,15,0.0047022104
603922.sh,15,14,15,0.004629612
603991.sh,14,13,14,0.3960886
603001.sh,14,13,14,0.03125
600356.sh,14,13,14,0.014510274
000791.sz,14,13,14,0.0035088062
002252.sz,13,13,12,22.550724
002379.sz,13,13,12,7.4157877
603268.sh,13,12,13,0.4642179
000599.sz,13,12,13,0.29027116
000506.sz,13,11,13,0.21710527
000603.sz,13,12,13,0.020749688
603031.sh,12,11,12,0.009591877
603088.sh,11,10,10,5.181804
600777.sh,10,8,9,30.189365
002064.sz,10,9,9,10.68597
002016.sz,10,9,9,5.5325375
603955.sh,10,8,10,0.46458924
600520.sh,10,9,10,0.46451616
603887.sh,10,9,10,0.4624846
000908.sz,10,8,10,0.1472081
603305.sh,10,9,10,0.14330459
600584.sh,10,9,10,0.1280567
603356.sh,10,9,10,0.11455107
000595.sz,10,9,10,0.114058256
605077.sh,10,9,10,0.063063025
000929.sz,10,9,10,0.04441905
002931.sz,10,9,10,0.030952334
603069.sh,10,9,10,0.009687901
000421.sz,9,9,8,6.249773
605028.sh,9,8,9,0.23006952
002995.sz,9,8,9,0.1312136
603389.sh,9,8,9,0.11904758
002047.sz,9,8,9,0.087499976
002310.sz,8,5,8,47.7111
000016.sz,8,8,7,20.954155
000777.sz,8,8,7,6.30602
601298.sh,7,6,7,0.013043404
002494.sz,7,7,7,
600535.sh,6,5,5,11.44449
002123.sz,6,6,5,7.955763
603007.sh,6,4,6,0.21518993
603559.sh,6,4,6,0.21401274
600165.sh,6,4,6,0.18421048
002217.sz,6,4,6,0.16182578
000796.sz,6,4,6,0.13257581
002251.sz,6,4,6,0.13109756
000657.sz,6,5,6,0.096463025
600375.sh,6,4,6,0.070957065
600117.sh,6,4,6,0.060606062
600759.sh,6,4,6,0.045082033
603030.sh,6,4,6,0.030927777
600715.sh,6,4,6,0.02242148
600654.sh,5,3,5,1466.2097
600603.sh,5,3,5,219.17937
600518.sh,5,3,5,44.075943
603988.sh,5,4,5,0.46629834
600421.sh,5,4,5,0.18166238
603819.sh,5,4,5,0.13636363
603300.sh,5,4,5,0.089529574
002263.sz,5,4,5,0.032128453
600729.sh,5,4,5,0.016139627
603227.sh,5,4,5,0.0073313713
002510.sz,5,4,5,0.0
600641.sh,4,3,3,22.31327
000839.sz,4,3,3,20.425406
000801.sz,4,3,3,17.01293
002124.sz,4,3,3,16.55826
000637.sz,4,3,3,16.11915
600666.sh,4,3,3,14.639096
002157.sz,4,3,3,14.606869
002168.sz,4,3,3,13.705182
000692.sz,4,3,3,11.031173
002021.sz,4,3,3,10.355477
002424.sz,4,3,3,9.813
600711.sh,4,3,3,9.469513
000615.sz,4,3,3,8.885723
002602.sz,4,3,3,8.548617
600331.sh,4,3,3,8.531817
002650.sz,4,3,3,7.601248
600282.sh,4,3,3,7.378684
002482.sz,4,3,3,7.320982
002141.sz,4,3,3,7.129078
600734.sh,4,3,3,7.1177244
600360.sh,4,3,3,6.9890203
000007.sz,4,3,3,6.632449
000656.sz,4,3,3,6.561505
603023.sh,4,3,3,6.0478516
600748.sh,4,3,3,5.926442
600078.sh,4,3,3,5.9209695
000564.sz,4,3,3,5.7639995
002528.sz,4,3,3,5.500035
600831.sh,4,3,3,5.373674
600396.sh,4,3,3,5.1871924
000609.sz,4,3,3,5.0615892
002816.sz,3,2,3,0.2699387
000809.sz,3,2,3,0.21472394
000620.sz,3,2,3,0.19306934
603959.sh,3,2,3,0.18734801
002425.sz,3,2,3,0.18650794
603377.sh,3,2,3,0.18649518
000070.sz,3,2,3,0.18641812
002197.sz,3,2,3,0.18639797
603608.sh,3,2,3,0.18639797
603879.sh,3,2,3,0.1859504
603869.sh,3,2,3,0.18549508
002388.sz,3,2,3,0.18458778
002748.sz,3,2,3,0.18448025
603828.sh,3,2,3,0.18433183
600381.sh,3,2,3,0.18329465
600234.sh,3,2,3,0.18181819
600287.sh,3,2,3,0.18128657
002951.sz,3,2,3,0.16489369
002092.sz,3,2,3,0.15384609
600543.sh,3,2,3,0.14989734
600589.sh,3,2,3,0.14143926
002316.sz,3,2,3,0.13333333
002721.sz,3,2,3,0.12962967
002822.sz,3,2,3,0.11743772
600265.sh,3,2,3,0.11502886
600136.sh,3,2,3,0.113095224
002490.sz,3,2,3,0.108695686
002086.sz,3,2,3,0.09505701
000697.sz,3,2,3,0.09181142
600530.sh,3,2,3,0.08494204
000752.sz,3,2,3,0.08445042
600847.sh,3,2,3,0.08082187
002377.sz,3,2,3,0.07114625
600671.sh,3,2,3,0.059683323
600843.sh,3,2,3,0.05928147
603050.sh,3,2,3,0.05812037
603880.sh,3,2,3,0.057894766
603223.sh,3,2,3,0.052995324
002800.sz,3,2,3,0.05194807
603117.sh,3,2,3,0.026666641
000989.sz,3,2,3,0.018518507
603363.sh,3,2,3,0.0
600933.sh,3,3,3,
600653.sh,2,1,2,9918.278
600601.sh,2,1,2,6927.187
600651.sh,2,1,2,5682.0366
600611.sh,2,1,2,725.4642
600602.sh,2,1,2,563.4995
600620.sh,2,1,2,406.29108
600622.sh,2,1,2,377.8488
600616.sh,2,1,2,374.4683
600621.sh,2,1,2,293.21896
600795.sh,2,1,2,273.53122
600655.sh,2,1,2,223.23074
600606.sh,2,1,2,166.19395
600635.sh,2,1,2,140.95311
600608.sh,2,1,2,98.94628
002024.sz,2,1,2,84.19222
600120.sh,2,1,2,79.99382
600617.sh,2,1,2,58.120045
600881.sh,2,1,2,43.58087
002131.sz,2,1,2,41.180058
002647.sz,2,2,2,
003013.sz,2,2,2,
601121.sh,2,2,2,
000651.sz,1,1,0,196.75648
000002.sz,1,1,1,185.56564
600612.sh,1,1,0,135.32808
000001.sz,1,1,0,126.25167
600660.sh,1,1,0,86.24353
000157.sz,1,1,0,81.367226
600887.sh,1,1,0,78.27179
600610.sh,1,1,0,75.183044
600276.sh,1,1,0,60.349007
600662.sh,1,1,0,59.44707
600619.sh,1,1,0,58.703983
600256.sh,1,1,0,55.67832
600615.sh,1,1,0,54.49063
600588.sh,1,1,0,51.040947
600066.sh,1,1,0,50.99763
600604.sh,1,1,0,50.98379
600741.sh,1,1,0,50.49804
600886.sh,1,1,0,49.501953
600089.sh,1,1,0,49.28023
600031.sh,1,1,0,48.98222
600605.sh,1,1,0,48.890755
600177.sh,1,1,0,48.64647
600406.sh,1,1,0,46.83594
600570.sh,1,1,0,46.59472
600628.sh,1,1,0,46.039623
000039.sz,1,1,0,44.878292
600415.sh,1,1,0,44.30921
000690.sz,1,1,0,44.1678
000069.sz,1,1,0,43.75403
002236.sz,1,1,0,43.681225
002001.sz,1,1,0,43.526653
000006.sz,1,1,0,43.12139
002153.sz,1,1,0,42.811703
000425.sz,1,1,0,42.3142
600675.sh,1,1,0,41.658073
600582.sh,1,1,0,40.46157
002007.sz,1,1,0,39.361687
000402.sz,1,1,0,38.388954
600690.sh,1,1,0,37.96584
002271.sz,1,1,0,37.273796
000060.sz,1,1,0,37.20149
600252.sh,1,1,0,36.49334
600309.sh,1,1,0,36.262592
600839.sh,1,1,0,35.553806
000516.sz,1,1,0,35.235214
600867.sh,1,1,0,35.209576
600879.sh,1,1,0,35.136555
002475.sz,1,1,0,32.197334
600016.sh,1,1,0,32.090935
600717.sh,1,1,0,31.702442
000568.sz,1,1,0,31.661766
002065.sz,1,1,0,30.9202
600787.sh,1,1,0,30.284763
600477.sh,1,1,0,30.22083
002081.sz,1,1,0,30.104177
000541.sz,1,1,0,29.902224
600064.sh,1,1,0,29.138405
001696.sz,1,1,0,28.852732
600623.sh,1,1,0,28.83326
600880.sh,1,1,0,28.622082
600577.sh,1,1,0,28.53372
600816.sh,1,1,0,28.503437
600739.sh,1,1,0,28.495712
600499.sh,1,1,0,28.494682
002195.sz,1,1,0,28.37465
600736.sh,1,1,0,27.50216
000012.sz,1,1,0,27.466396
600613.sh,1,1,0,27.384949
600226.sh,1,1,0,26.8032
600868.sh,1,1,0,26.726227
000652.sz,1,1,0,26.658558
002030.sz,1,1,0,26.300913
000630.sz,1,1,0,26.288048
000538.sz,1,1,0,25.91348
600884.sh,1,1,0,25.856165
600048.sh,1,1,0,25.787449
000895.sz,1,1,0,25.591343
600755.sh,1,1,0,25.585615
600527.sh,1,1,0,25.568718
000848.sz,1,1,0,25.53091
000598.sz,1,1,0,25.385202
600618.sh,1,1,0,25.323494
600340.sh,1,1,0,24.6599
600824.sh,1,1,0,24.403198
600507.sh,1,1,0,24.313679
600609.sh,1,1,0,24.160976
600166.sh,1,1,0,24.08162
002130.sz,1,1,0,23.788288
002003.sz,1,1,0,23.445461
600770.sh,1,1,0,22.55714
600261.sh,1,1,0,22.410116
600067.sh,1,1,0,21.816704
002456.sz,1,1,0,21.722656
002340.sz,1,1,0,21.60219
600497.sh,1,1,0,21.486938
002004.sz,1,1,0,21.388254
000650.sz,1,1,0,21.33694
000677.sz,1,1,0,21.283672
000061.sz,1,1,0,21.281103
002241.sz,1,1,0,21.222692
600547.sh,1,1,0,21.195549
600820.sh,1,1,0,21.083052
600657.sh,1,1,0,21.077078
002572.sz,1,1,0,20.98035
000623.sz,1,1,0,20.811106
002038.sz,1,1,0,20.698992
600674.sh,1,1,0,20.683838
600704.sh,1,1,0,20.482925
600895.sh,1,1,0,20.482271
600517.sh,1,1,0,20.200443
000008.sz,1,1,0,20.163113
600100.sh,1,1,0,20.067423
600153.sh,1,1,0,19.975344
600863.sh,1,1,0,19.966116
600383.sh,1,1,0,19.956606
600794.sh,1,1,0,19.798532
600143.sh,1,1,0,19.665924
600703.sh,1,1,0,19.619703
002415.sz,1,1,0,19.61637
000415.sz,1,1,0,19.470736
002219.sz,1,1,0,19.259249
600583.sh,1,1,0,19.171377
002542.sz,1,1,0,19.056301
000631.sz,1,1,0,19.031511
600352.sh,1,1,0,18.914097
000078.sz,1,1,0,18.903484
000338.sz,1,1,0,18.868551
600742.sh,1,1,0,18.702612
600271.sh,1,1,0,18.616566
002312.sz,1,1,0,18.439388
002028.sz,1,1,0,18.27318
600750.sh,1,1,0,18.254507
600239.sh,1,1,0,18.103785
002410.sz,1,1,0,17.878471
000563.sz,1,1,0,17.760803
002400.sz,1,1,0,17.594492
601012.sh,1,1,0,17.438961
600111.sh,1,1,0,17.425488
600327.sh,1,1,0,17.378191
002421.sz,1,1,0,17.329832
000517.sz,1,1,0,17.190825
002481.sz,1,1,0,17.016184
002714.sz,1,1,0,16.880783
000539.sz,1,1,0,16.73572
000858.sz,1,1,0,16.564344
600624.sh,1,1,0,16.527525
002035.sz,1,1,0,16.520712
000636.sz,1,1,0,16.5154
600170.sh,1,1,0,16.47318
600521.sh,1,1,0,16.41581
600039.sh,1,1,0,16.332838
000417.sz,1,1,0,16.292871
002063.sz,1,1,0,16.24641
600176.sh,1,1,0,16.230152
600161.sh,1,1,0,16.200092
002152.sz,1,1,0,16.144432
002108.sz,1,1,0,16.125748
000876.sz,1,1,0,16.033384
600846.sh,1,1,0,15.95776
600645.sh,1,1,0,15.921278
002256.sz,1,1,0,15.872055
000970.sz,1,1,0,15.744822
000426.sz,1,1,0,15.707102
600125.sh,1,1,0,15.706924
601216.sh,1,1,0,15.661612
600446.sh,1,1,0,15.543945
600348.sh,1,1,0,15.384237
600594.sh,1,1,0,15.250711
000829.sz,1,1,0,15.23782
002285.sz,1,1,0,15.198219
600439.sh,1,1,0,15.1924
600118.sh,1,1,0,15.165606
000065.sz,1,1,0,15.147993
000027.sz,1,1,0,15.142645
002139.sz,1,1,0,14.970501
000685.sz,1,1,0,14.884552
000567.sz,1,1,0,14.876471
600000.sh,1,1,0,14.872143
000682.sz,1,1,0,14.831333
600797.sh,1,1,0,14.831164
000063.sz,1,1,0,14.779029
000758.sz,1,1,0,14.755453
600638.sh,1,1,0,14.721171
600572.sh,1,1,0,14.714664
000419.sz,1,1,0,14.692536
002640.sz,1,1,0,14.581311
000700.sz,1,1,0,14.520403
002027.sz,1,1,0,14.462405
000531.sz,1,1,0,14.339668
002437.sz,1,1,0,14.263742
600502.sh,1,1,0,14.078725
600684.sh,1,1,0,13.976819
600866.sh,1,1,0,13.924793
600201.sh,1,1,0,13.84834
600724.sh,1,1,0,13.75932
002183.sz,1,1,0,13.737451
002121.sz,1,1,0,13.725137
600782.sh,1,1,0,13.680715
000838.sz,1,1,0,13.62798
600460.sh,1,1,0,13.616437
000811.sz,1,1,0,13.592893
600649.sh,1,1,0,13.5780735
000031.sz,1,1,0,13.553328
000042.sz,1,1,0,13.434954
002031.sz,1,1,0,13.407614
002179.sz,1,1,0,13.387387
000625.sz,1,1,0,13.313143
000778.sz,1,1,0,13.311305
000900.sz,1,1,0,13.279155
000933.sz,1,1,0,13.247903
600663.sh,1,1,0,13.186387
000422.sz,1,1,0,13.164424
600636.sh,1,1,0,13.0629225
002493.sz,1,1,0,13.039832
000591.sz,1,1,0,12.894424
002093.sz,1,1,0,12.861177
000793.sz,1,1,0,12.852429
000021.sz,1,1,0,12.85081
002154.sz,1,1,0,12.845115
002414.sz,1,1,0,12.7971
002496.sz,1,1,0,12.782029
600805.sh,1,1,0,12.776504
000659.sz,1,1,0,12.772501
002273.sz,1,1,0,12.765309
600063.sh,1,1,0,12.737074
600673.sh,1,1,0,12.72374
600740.sh,1,1,0,12.675512
002050.sz,1,1,0,12.675437
600970.sh,1,1,0,12.649767
002230.sz,1,1,0,12.60923
603601.sh,1,1,0,12.59906
600196.sh,1,1,0,12.587002
002019.sz,1,1,0,12.572881
600055.sh,1,1,0,12.509474
002320.sz,1,1,0,12.50867
002555.sz,1,1,0,12.405398
600255.sh,1,1,0,12.387723
600743.sh,1,1,0,12.384348
600269.sh,1,1,0,12.368947
600686.sh,1,1,0,12.365671
600079.sh,1,1,0,12.364298
603077.sh,1,1,0,12.320534
600056.sh,1,1,0,12.316775
600337.sh,1,1,0,12.277479
002014.sz,1,1,0,12.254569
600490.sh,1,1,0,12.253051
002261.sz,1,1,0,12.225024
600845.sh,1,1,0,12.185921
600737.sh,1,1,0,12.179592
000686.sz,1,1,0,12.171533
600549.sh,1,1,0,12.148325
002041.sz,1,1,0,12.132001
600790.sh,1,1,0,12.083184
600644.sh,1,1,0,12.0630245
600110.sh,1,1,0,12.058183
600676.sh,1,1,0,12.044192
600586.sh,1,1,0,12.037534
000750.sz,1,1,0,12.035949
002397.sz,1,1,0,12.027275
600435.sh,1,1,0,12.027145
600320.sh,1,1,0,12.00223
600489.sh,1,1,0,11.998043
002226.sz,1,1,0,11.990641
600888.sh,1,1,0,11.985324
600516.sh,1,1,0,11.955165
000036.sz,1,1,0,11.937273
002245.sz,1,1,0,11.919251
002709.sz,1,1,0,11.917938
002436.sz,1,1,0,11.866872
600708.sh,1,1,0,11.840129
600452.sh,1,1,0,11.837793
600410.sh,1,1,0,11.813158
000712.sz,1,1,0,11.801835
002249.sz,1,1,0,11.783455
002460.sz,1,1,0,11.726625
600568.sh,1,1,0,11.719002
600825.sh,1,1,0,11.699612
002327.sz,1,1,0,11.690818
002707.sz,1,1,0,11.6461115
600728.sh,1,1,0,11.619557
600525.sh,1,1,0,11.532286
600765.sh,1,1,0,11.530171
000528.sz,1,1,0,11.521836
600720.sh,1,1,0,11.499054
600400.sh,1,1,0,11.481209
002008.sz,1,1,0,11.468143
000676.sz,1,1,0,11.45654
600183.sh,1,1,0,11.418158
600761.sh,1,1,0,11.34847
002717.sz,1,1,0,11.33969
000997.sz,1,1,0,11.323353
600246.sh,1,1,0,11.321016
002648.sz,1,1,0,11.289235
000731.sz,1,1,0,11.267499
600057.sh,1,1,0,11.258102
600571.sh,1,1,0,11.20492
000963.sz,1,1,0,11.204027
002022.sz,1,1,0,11.186562
600828.sh,1,1,0,11.18436
600326.sh,1,1,0,11.050065
002020.sz,1,1,0,11.025245
002146.sz,1,1,0,10.958831
600971.sh,1,1,0,10.951971
600682.sh,1,1,0,10.946707
600438.sh,1,1,0,10.86918
002519.sz,1,1,0,10.866102
600801.sh,1,1,0,10.86009
600468.sh,1,1,0,10.854468
000790.sz,1,1,0,10.853377
000739.sz,1,1,0,10.829375
002706.sz,1,1,0,10.822374
002176.sz,1,1,0,10.81704
002100.sz,1,1,0,10.813475
600123.sh,1,1,0,10.80362
000428.sz,1,1,0,10.798655
000608.sz,1,1,0,10.699531
600426.sh,1,1,0,10.687019
600596.sh,1,1,0,10.68518
002294.sz,1,1,0,10.637271
002402.sz,1,1,0,10.622259
000786.sz,1,1,0,10.598018
600851.sh,1,1,0,10.564636
600105.sh,1,1,0,10.558968
000612.sz,1,1,0,10.536871
002467.sz,1,1,0,10.513212
600366.sh,1,1,0,10.497358
600325.sh,1,1,0,10.483077
600713.sh,1,1,0,10.456487
002489.sz,1,1,0,10.443802
600101.sh,1,1,0,10.4386835
600681.sh,1,1,0,10.413085
000937.sz,1,1,0,10.402696
600993.sh,1,1,0,10.377128
000903.sz,1,1,0,10.371216
000066.sz,1,1,0,10.355736
000975.sz,1,1,0,10.327587
002334.sz,1,1,0,10.304348
002303.sz,1,1,0,10.1750555
002266.sz,1,1,0,10.171027
000753.sz,1,1,0,10.169111
002206.sz,1,1,0,10.153061
600380.sh,1,1,0,10.097549
600491.sh,1,1,0,10.072405
000407.sz,1,1,0,10.043358
002515.sz,1,1,0,10.022836
000510.sz,1,1,0,9.980321
600280.sh,1,1,0,9.979131
000709.sz,1,1,0,9.9724045
600780.sh,1,1,0,9.970163
002681.sz,1,1,0,9.96489
600085.sh,1,1,0,9.923905
000983.sz,1,1,0,9.848015
600872.sh,1,1,0,9.781449
000010.sz,1,1,0,9.775001
002148.sz,1,1,0,9.759332
600531.sh,1,1,0,9.755827
600075.sh,1,1,0,9.725272
002185.sz,1,1,0,9.714786
601607.sh,1,1,0,9.695116
600398.sh,1,1,0,9.6792
600376.sh,1,1,0,9.622001
000423.sz,1,1,0,9.618679
002228.sz,1,1,0,9.566601
600642.sh,1,1,0,9.56175
002546.sz,1,1,0,9.536783
603871.sh,1,1,0,9.511315
600693.sh,1,1,0,9.448073
002161.sz,1,1,0,9.408783
600308.sh,1,1,0,9.403185
002023.sz,1,1,0,9.392508
000998.sz,1,1,0,9.391381
002317.sz,1,1,0,9.390101
600268.sh,1,1,0,9.390095
600106.sh,1,1,0,9.384387
600869.sh,1,1,0,9.36488
000639.sz,1,1,0,9.364568
600487.sh,1,1,0,9.352597
000547.sz,1,1,0,9.336149
600864.sh,1,1,0,9.327272
600830.sh,1,1,0,9.326403
002385.sz,1,1,0,9.325451
000767.sz,1,1,0,9.30137
002127.sz,1,1,0,9.298846
002550.sz,1,1,0,9.294364
000601.sz,1,1,0,9.292857
002601.sz,1,1,0,9.277097
600160.sh,1,1,0,9.269813
000626.sz,1,1,0,9.266516
600353.sh,1,1,0,9.254954
600310.sh,1,1,0,9.246911
002390.sz,1,1,0,9.245606
002279.sz,1,1,0,9.18289
600346.sh,1,1,0,9.174322
600104.sh,1,1,0,9.13206
002062.sz,1,1,0,9.0939
600388.sh,1,1,0,9.047645
600546.sh,1,1,0,9.017131
600422.sh,1,1,0,8.92588
600533.sh,1,1,0,8.889217
002029.sz,1,1,0,8.884173
002361.sz,1,1,0,8.882
002005.sz,1,1,0,8.877684
600162.sh,1,1,0,8.874898
002495.sz,1,1,0,8.874884
000509.sz,1,1,0,8.872059
000055.sz,1,1,0,8.859034
600664.sh,1,1,0,8.844725
002589.sz,1,1,0,8.826825
600850.sh,1,1,0,8.786887
600081.sh,1,1,0,8.776315
600496.sh,1,1,0,8.768645
000670.sz,1,1,0,8.751289
002210.sz,1,1,0,8.739785
002431.sz,1,1,0,8.738717
600760.sh,1,1,0,8.613535
600169.sh,1,1,0,8.598134
600829.sh,1,1,0,8.594457
002469.sz,1,1,0,8.567047
002216.sz,1,1,0,8.557392
600305.sh,1,1,0,8.552871
002032.sz,1,1,0,8.53945
000711.sz,1,1,0,8.530719
002701.sz,1,1,0,8.484771
002540.sz,1,1,0,8.475694
000062.sz,1,1,0,8.454141
000619.sz,1,1,0,8.4418745
600800.sh,1,1,0,8.414913
000090.sz,1,1,0,8.401954
000566.sz,1,1,0,8.395961
600481.sh,1,1,0,8.38251
600108.sh,1,1,0,8.371444
600061.sh,1,1,0,8.348636
600008.sh,1,1,0,8.346963
600478.sh,1,1,0,8.329457
000530.sz,1,1,0,8.315442
600392.sh,1,1,0,8.300181
000988.sz,1,1,0,8.286715
002516.sz,1,1,0,8.286188
600733.sh,1,1,0,8.2702465
002588.sz,1,1,0,8.264065
000513.sz,1,1,0,8.262948
002102.sz,1,1,0,8.247984
000503.sz,1,1,0,8.223041
600210.sh,1,1,0,8.191488
000488.sz,1,1,0,8.169021
002073.sz,1,1,0,8.134306
600420.sh,1,1,0,8.125666
000048.sz,1,1,0,8.097568
002044.sz,1,1,0,8.078003
002043.sz,1,1,0,8.054147
002177.sz,1,1,0,8.039156
002223.sz,1,1,0,8.013994
000826.sz,1,1,0,8.001347
000703.sz,1,1,0,7.9640713
002078.sz,1,1,0,7.9447107
002520.sz,1,1,0,7.935277
600251.sh,1,1,0,7.926285
002169.sz,1,1,0,7.8946896
600995.sh,1,1,0,7.8764133
600550.sh,1,1,0,7.8647823
600536.sh,1,1,0,7.852415
600552.sh,1,1,0,7.809784
001914.sz,1,1,0,7.7848587
002372.sz,1,1,0,7.783598
600172.sh,1,1,0,7.782048
002056.sz,1,1,0,7.7526617
601933.sh,1,1,0,7.748128
000049.sz,1,1,0,7.7311535
000981.sz,1,1,0,7.7247906
002268.sz,1,1,0,7.7217426
002607.sz,1,1,0,7.693098
600796.sh,1,1,0,7.6762543
002408.sz,1,1,0,7.6699295
600109.sh,1,1,0,7.652768
002367.sz,1,1,0,7.6479425
600467.sh,1,1,0,7.6402273
002837.sz,1,1,0,7.6328535
000768.sz,1,1,0,7.6261387
002568.sz,1,1,0,7.6102104
002262.sz,1,1,0,7.6063967
600691.sh,1,1,0,7.5981827
002010.sz,1,1,0,7.5974426
600640.sh,1,1,0,7.5765657
000672.sz,1,1,0,7.5724783
600231.sh,1,1,0,7.567072
002140.sz,1,1,0,7.564082
600557.sh,1,1,0,7.5515556
002085.sz,1,1,0,7.550785
002239.sz,1,1,0,7.541211
000617.sz,1,1,0,7.539837
600838.sh,1,1,0,7.51987
002215.sz,1,1,0,7.5
002293.sz,1,1,0,7.4971666
600522.sh,1,1,0,7.490698
002573.sz,1,1,0,7.4652205
600062.sh,1,1,0,7.4396067
600188.sh,1,1,0,7.429034
002237.sz,1,1,0,7.4260006
000718.sz,1,1,0,7.415822
000573.sz,1,1,0,7.387432
002565.sz,1,1,0,7.3746643
600731.sh,1,1,0,7.3734627
600692.sh,1,1,0,7.3633413
600973.sh,1,1,0,7.3493414
002439.sz,1,1,0,7.3469343
600643.sh,1,1,0,7.3468
002107.sz,1,1,0,7.311387
600798.sh,1,1,0,7.279171
600500.sh,1,1,0,7.2744913
000026.sz,1,1,0,7.2574425
000987.sz,1,1,0,7.2541075
002522.sz,1,1,0,7.2438593
600059.sh,1,1,0,7.2164
600033.sh,1,1,0,7.19991
600757.sh,1,1,0,7.1894712
000726.sz,1,1,0,7.1799335
600827.sh,1,1,0,7.1791115
600298.sh,1,1,0,7.1735296
002358.sz,1,1,0,7.1601334
600633.sh,1,1,0,7.141038
000518.sz,1,1,0,7.1209345
002549.sz,1,1,0,7.086074
000819.sz,1,1,0,7.0812864
002537.sz,1,1,0,7.07598
600629.sh,1,1,0,7.0731735
000009.sz,1,1,0,7.062146
600295.sh,1,1,0,7.039812
002392.sz,1,1,0,7.0386047
600285.sh,1,1,0,7.031005
600529.sh,1,1,0,6.999749
000917.sz,1,1,0,6.9987655
000153.sz,1,1,0,6.9982824
002429.sz,1,1,0,6.992399
000088.sz,1,1,0,6.9751215
002458.sz,1,1,0,6.9737625
600458.sh,1,1,0,6.9721847
000565.sz,1,1,0,6.956965
600185.sh,1,1,0,6.9507084
002697.sz,1,1,0,6.9437885
002122.sz,1,1,0,6.934095
000729.sz,1,1,0,6.929377
002170.sz,1,1,0,6.9247894
002551.sz,1,1,0,6.91995
002508.sz,1,1,0,6.9147124
000683.sz,1,1,0,6.9116883
002292.sz,1,1,0,6.899361
002625.sz,1,1,0,6.895901
000830.sz,1,1,0,6.892924
000825.sz,1,1,0,6.880609
000519.sz,1,1,0,6.8662734
600873.sh,1,1,0,6.860509
002626.sz,1,1,0,6.853428
600010.sh,1,1,0,6.853255
600746.sh,1,1,0,6.849423
002532.sz,1,1,0,6.8468757
000571.sz,1,1,0,6.825654
000520.sz,1,1,0,6.8022366
002017.sz,1,1,0,6.800079
002048.sz,1,1,0,6.7878413
600764.sh,1,1,0,6.782869
000050.sz,1,1,0,6.7785206
002511.sz,1,1,0,6.777605
002345.sz,1,1,0,6.765256
600595.sh,1,1,0,6.7488174
002583.sz,1,1,0,6.7435923
603018.sh,1,1,0,6.7423716
600236.sh,1,1,0,6.7377195
600648.sh,1,1,0,6.718419
002663.sz,1,1,0,6.7122827
000632.sz,1,1,0,6.688623
002094.sz,1,1,0,6.678926
002498.sz,1,1,0,6.630117
603288.sh,1,1,0,6.6242213
600114.sh,1,1,0,6.604267
000850.sz,1,1,0,6.6017632
002165.sz,1,1,0,6.58477
000551.sz,1,1,0,6.5837126
002466.sz,1,1,0,6.583024
000720.sz,1,1,0,6.5746746
002512.sz,1,1,0,6.5589094
002349.sz,1,1,0,6.54613
002501.sz,1,1,0,6.5360007
002407.sz,1,1,0,6.535791
600862.sh,1,1,0,6.5344844
002167.sz,1,1,0,6.5320654
000552.sz,1,1,0,6.529451
601699.sh,1,1,0,6.5074773
002202.sz,1,1,0,6.491056
002353.sz,1,1,0,6.4838424
002300.sz,1,1,0,6.477668
002384.sz,1,1,0,6.4620504
002531.sz,1,1,0,6.447077
600219.sh,1,1,0,6.4463024
002587.sz,1,1,0,6.4329295
000629.sz,1,1,0,6.4286547
600519.sh,1,1,0,6.4202623
600738.sh,1,1,0,6.415882
002323.sz,1,1,0,6.4115825
000557.sz,1,1,0,6.4069653
600833.sh,1,1,0,6.4018393
002412.sz,1,1,0,6.4003625
002324.sz,1,1,0,6.376779
000877.sz,1,1,0,6.361597
600791.sh,1,1,0,6.3589997
002042.sz,1,1,0,6.3417115
002006.sz,1,1,0,6.3413615
002562.sz,1,1,0,6.335003
002091.sz,1,1,0,6.329701
600558.sh,1,1,0,6.319511
000633.sz,1,1,0,6.292025
002178.sz,1,1,0,6.2884994
600351.sh,1,1,0,6.285449
002374.sz,1,1,0,6.2786784
002166.sz,1,1,0,6.275837
002559.sz,1,1,0,6.272
600668.sh,1,1,0,6.2424254
002191.sz,1,1,0,6.2380238
600300.sh,1,1,0,6.2334857
002523.sz,1,1,0,6.223388
000816.sz,1,1,0,6.2120986
600897.sh,1,1,0,6.2085276
000789.sz,1,1,0,6.2079616
000807.sz,1,1,0,6.2017
603127.sh,1,1,0,6.1962247
600587.sh,1,1,0,6.182677
603429.sh,1,1,0,6.1824083
600580.sh,1,1,0,6.1760163
002507.sz,1,1,0,6.158282
002617.sz,1,1,0,6.1499314
000812.sz,1,1,0,6.1087856
000403.sz,1,1,0,6.1046395
600807.sh,1,1,0,6.0824885
600562.sh,1,1,0,6.071307
600370.sh,1,1,0,6.0541553
002224.sz,1,1,0,6.050045
002401.sz,1,1,0,6.048117
000792.sz,1,1,0,6.046606
600495.sh,1,1,0,6.036258
600784.sh,1,1,0,6.0345645
002611.sz,1,1,0,6.017241
600266.sh,1,1,0,6.0160546
600303.sh,1,1,0,6.015463
600193.sh,1,1,0,6.011794
002201.sz,1,1,0,6.0069494
002025.sz,1,1,0,6.001134
002892.sz,1,1,0,5.992217
000887.sz,1,1,0,5.9898825
600987.sh,1,1,0,5.9898624
000089.sz,1,1,0,5.9809103
000400.sz,1,1,0,5.9808645
002702.sz,1,1,0,5.979475
600683.sh,1,1,0,5.97258
002422.sz,1,1,0,5.9680095
600084.sh,1,1,0,5.9657393
603033.sh,1,1,0,5.9618363
600405.sh,1,1,0,5.961423
002700.sz,1,1,0,5.9538293
600488.sh,1,1,0,5.953079
000408.sz,1,1,0,5.949566
000661.sz,1,1,0,5.93554
000600.sz,1,1,0,5.934235
603889.sh,1,1,0,5.9307923
600975.sh,1,1,0,5.930351
600658.sh,1,1,0,5.9268603
000759.sz,1,1,0,5.915593
000863.sz,1,1,0,5.908515
600966.sh,1,1,0,5.89496
002488.sz,1,1,0,5.8857627
600409.sh,1,1,0,5.879513
002445.sz,1,1,0,5.8781114
002360.sz,1,1,0,5.8760886
600826.sh,1,1,0,5.8751125
002434.sz,1,1,0,5.874528
002749.sz,1,1,0,5.8676515
002104.sz,1,1,0,5.8565903
600208.sh,1,1,0,5.8493285
000938.sz,1,1,0,5.8433685
600710.sh,1,1,0,5.8418584
600559.sh,1,1,0,5.840762
000977.sz,1,1,0,5.833275
002634.sz,1,1,0,5.832683
002138.sz,1,1,0,5.8217435
002036.sz,1,1,0,5.816764
601000.sh,1,1,0,5.8068933
000785.sz,1,1,0,5.8050313
000797.sz,1,1,0,5.7882876
600418.sh,1,1,0,5.787679
002244.sz,1,1,0,5.7865343
000501.sz,1,1,0,5.780789
002351.sz,1,1,0,5.77191
002514.sz,1,1,0,5.7675757
600639.sh,1,1,0,5.751083
000014.sz,1,1,0,5.7275996
600382.sh,1,1,0,5.7161
002099.sz,1,1,0,5.7151127
002517.sz,1,1,0,5.706265
600858.sh,1,1,0,5.701925
600267.sh,1,1,0,5.7000003
002348.sz,1,1,0,5.688967
002687.sz,1,1,0,5.687511
000969.sz,1,1,0,5.68207
002544.sz,1,1,0,5.680432
600771.sh,1,1,0,5.6787305
601009.sh,1,1,0,5.6584096
600779.sh,1,1,0,5.6524134
600803.sh,1,1,0,5.6499577
002554.sz,1,1,0,5.638298
600844.sh,1,1,0,5.6334786
600510.sh,1,1,0,5.6287913
600216.sh,1,1,0,5.623782
600433.sh,1,1,0,5.6227264
600892.sh,1,1,0,5.6036935
603778.sh,1,1,0,5.6034756
002630.sz,1,1,0,5.5896378
600390.sh,1,1,0,5.5876336
002318.sz,1,1,0,5.582708
600678.sh,1,1,0,5.572627
600732.sh,1,1,0,5.5633492
002389.sz,1,1,0,5.5433416
600512.sh,1,1,0,5.5336637
002311.sz,1,1,0,5.5318074
000523.sz,1,1,0,5.5244684
002382.sz,1,1,0,5.523375
002632.sz,1,1,0,5.5155163
002069.sz,1,1,0,5.502722
600581.sh,1,1,0,5.495215
002465.sz,1,1,0,5.484463
600509.sh,1,1,0,5.4834933
600854.sh,1,1,0,5.4743977
002497.sz,1,1,0,5.4610248
002076.sz,1,1,0,5.458667
600428.sh,1,1,0,5.447531
000868.sz,1,1,0,5.44734
002471.sz,1,1,0,5.443299
000888.sz,1,1,0,5.4432154
603338.sh,1,1,0,5.439278
002364.sz,1,1,0,5.432336
603588.sh,1,1,0,5.42363
600425.sh,1,1,0,5.413381
600513.sh,1,1,0,5.404481
600116.sh,1,1,0,5.3894057
002254.sz,1,1,0,5.3820148
002049.sz,1,1,0,5.381733
603806.sh,1,1,0,5.373957
600312.sh,1,1,0,5.3717666
002641.sz,1,1,0,5.3693447
002474.sz,1,1,0,5.363749
000936.sz,1,1,0,5.3518906
600257.sh,1,1,0,5.351529
000592.sz,1,1,0,5.3393855
002117.sz,1,1,0,5.329812
000589.sz,1,1,0,5.322903
002586.sz,1,1,0,5.311454
600395.sh,1,1,0,5.296864
002175.sz,1,1,0,5.2821326
002398.sz,1,1,0,5.281622
000537.sz,1,1,0,5.278733
002284.sz,1,1,0,5.2784705
002455.sz,1,1,0,5.264097
002247.sz,1,1,0,5.2480054
002539.sz,1,1,0,5.236755
600774.sh,1,1,0,5.2352085
002115.sz,1,1,0,5.228
002391.sz,1,1,0,5.2263694
002672.sz,1,1,0,5.223
002120.sz,1,1,0,5.2155643
600030.sh,1,1,0,5.2130003
002563.sz,1,1,0,5.1930103
002654.sz,1,1,0,5.1926513
600815.sh,1,1,0,5.186542
000713.sz,1,1,0,5.18087
600195.sh,1,1,0,5.171635
000558.sz,1,1,0,5.167248
600769.sh,1,1,0,5.155771
002762.sz,1,1,0,5.1472154
002055.sz,1,1,0,5.1440477
600783.sh,1,1,0,5.113557
600186.sh,1,1,0,5.0960526
600694.sh,1,1,0,5.095966
600712.sh,1,1,0,5.092773
000576.sz,1,1,0,5.087707
600130.sh,1,1,0,5.075674
600158.sh,1,1,0,5.0753183
002688.sz,1,1,0,5.072106
600071.sh,1,1,0,5.069054
000930.sz,1,1,0,5.0641875
603038.sh,1,1,0,5.06134
000723.sz,1,1,0,5.0486546
000803.sz,1,1,0,5.0441027
600814.sh,1,1,0,5.0365953
600036.sh,1,1,0,5.0205593
002381.sz,1,1,0,5.009962
601700.sh,1,1,0,5.003223
