factor,coverage,missing_rate,outlier_rate,std,passed,reason,window,category
netprofit_yoy,1.0,0.0,0.0011,0.245697,True,通过,Window_2023,Growth
tr_yoy,1.0,0.0,0.0011,0.245878,True,通过,Window_2023,Growth
basic_eps_yoy,1.0,0.0,0.0011,0.24569,True,通过,Window_2023,Growth
MOM_6m,1.0,0.0,0.0,0.26587,True,通过,Window_2023,Momentum
MOM_12m,1.0,0.0,0.0,0.238857,True,通过,Window_2023,Momentum
MOM_skip1m,1.0,0.0,0.0,0.243353,True,通过,Window_2023,Momentum
IND_NEUT_MOM,1.0,0.0,0.0,0.284188,True,通过,Window_2023,Momentum
MOM_ACCEL,1.0,0.0,0.0,0.265881,True,通过,Window_2023,Momentum
momentum_1m,1.0,0.0,0.0,0.277198,True,通过,Window_2023,Momentum
ma_cross_5_20,1.0,0.0,0.0146,0.2856,True,通过,Window_2023,Momentum
long_momentum,1.0,0.0,0.0,0.250877,True,通过,Window_2023,Momentum
KMID,1.0,0.0,0.0011,0.288457,True,通过,Window_2023,Price-Volume
KLEN,1.0,0.0,0.0,0.288619,True,通过,Window_2023,Price-Volume
KMID2,1.0,0.0,0.0011,0.288469,True,通过,Window_2023,Price-Volume
KUP,1.0,0.0,0.0,0.288339,True,通过,Window_2023,Price-Volume
KUP2,1.0,0.0,0.0,0.288351,True,通过,Window_2023,Price-Volume
KLOW,1.0,0.0,0.0011,0.287974,True,通过,Window_2023,Price-Volume
KLOW2,1.0,0.0,0.0011,0.288001,True,通过,Window_2023,Price-Volume
KSFT,1.0,0.0,0.0,0.288628,True,通过,Window_2023,Price-Volume
KSFT2,1.0,0.0,0.0011,0.288392,True,通过,Window_2023,Price-Volume
OPEN0,1.0,0.0,0.0011,0.28846,True,通过,Window_2023,Price-Volume
HIGH0,1.0,0.0,0.0,0.288563,True,通过,Window_2023,Price-Volume
LOW0,1.0,0.0,0.0011,0.28833,True,通过,Window_2023,Price-Volume
VWAP0,1.0,0.0,0.0,0.288627,True,通过,Window_2023,Price-Volume
ROC5,1.0,0.0,0.0,0.285602,True,通过,Window_2023,Price-Volume
ROC10,1.0,0.0,0.0,0.282529,True,通过,Window_2023,Price-Volume
ROC20,1.0,0.0,0.0,0.277213,True,通过,Window_2023,Price-Volume
ROC30,1.0,0.0,0.0,0.271105,True,通过,Window_2023,Price-Volume
ROC60,1.0,0.0,0.0,0.250915,True,通过,Window_2023,Price-Volume
MA5,1.0,0.0,0.0,0.288026,True,通过,Window_2023,Price-Volume
MA10,1.0,0.0,0.0,0.28803,True,通过,Window_2023,Price-Volume
MA20,1.0,0.0,0.0,0.288034,True,通过,Window_2023,Price-Volume
MA30,1.0,0.0,0.0,0.288035,True,通过,Window_2023,Price-Volume
MA60,1.0,0.0,0.0,0.288037,True,通过,Window_2023,Price-Volume
STD5,1.0,0.0,0.0,0.288013,True,通过,Window_2023,Price-Volume
STD10,1.0,0.0,0.0,0.288026,True,通过,Window_2023,Price-Volume
STD20,1.0,0.0,0.0,0.288031,True,通过,Window_2023,Price-Volume
STD30,1.0,0.0,0.0,0.28863,True,通过,Window_2023,Price-Volume
STD60,1.0,0.0,0.0,0.288029,True,通过,Window_2023,Price-Volume
BETA5,1.0,0.0,0.0,0.288247,True,通过,Window_2023,Price-Volume
BETA10,1.0,0.0,0.0,0.288153,True,通过,Window_2023,Price-Volume
BETA20,1.0,0.0,0.0,0.288033,True,通过,Window_2023,Price-Volume
BETA30,1.0,0.0,0.0,0.287885,True,通过,Window_2023,Price-Volume
BETA60,1.0,0.0,0.0,0.287476,True,通过,Window_2023,Price-Volume
RSQR5,1.0,0.0,0.0,0.288302,True,通过,Window_2023,Price-Volume
RSQR10,1.0,0.0,0.0,0.288311,True,通过,Window_2023,Price-Volume
RSQR20,1.0,0.0,0.0,0.288291,True,通过,Window_2023,Price-Volume
RSQR30,1.0,0.0,0.0,0.288254,True,通过,Window_2023,Price-Volume
RSQR60,1.0,0.0,0.0,0.288152,True,通过,Window_2023,Price-Volume
RESI5,1.0,0.0,0.0,0.288272,True,通过,Window_2023,Price-Volume
RESI10,1.0,0.0,0.0,0.288224,True,通过,Window_2023,Price-Volume
RESI20,1.0,0.0,0.0,0.28825,True,通过,Window_2023,Price-Volume
RESI30,1.0,0.0,0.0,0.288197,True,通过,Window_2023,Price-Volume
RESI60,1.0,0.0,0.0,0.288118,True,通过,Window_2023,Price-Volume
MAX5,1.0,0.0,0.0,0.288598,True,通过,Window_2023,Price-Volume
MAX10,1.0,0.0,0.0,0.288605,True,通过,Window_2023,Price-Volume
MAX20,1.0,0.0,0.0,0.28862,True,通过,Window_2023,Price-Volume
MAX30,1.0,0.0,0.0,0.288624,True,通过,Window_2023,Price-Volume
MAX60,1.0,0.0,0.0,0.288628,True,通过,Window_2023,Price-Volume
MIN5,1.0,0.0,0.0011,0.288339,True,通过,Window_2023,Price-Volume
MIN10,1.0,0.0,0.0011,0.288349,True,通过,Window_2023,Price-Volume
MIN20,1.0,0.0,0.0011,0.288363,True,通过,Window_2023,Price-Volume
MIN30,1.0,0.0,0.0011,0.28837,True,通过,Window_2023,Price-Volume
MIN60,1.0,0.0,0.0011,0.288407,True,通过,Window_2023,Price-Volume
QTLU5,1.0,0.0,0.0,0.288284,True,通过,Window_2023,Price-Volume
QTLU10,1.0,0.0,0.0,0.288276,True,通过,Window_2023,Price-Volume
QTLU20,1.0,0.0,0.0042,0.287686,True,通过,Window_2023,Price-Volume
QTLU30,1.0,0.0,0.0,0.28863,True,通过,Window_2023,Price-Volume
QTLU60,1.0,0.0,0.0127,0.285251,True,通过,Window_2023,Price-Volume
QTLD5,1.0,0.0,0.0042,0.287528,True,通过,Window_2023,Price-Volume
QTLD10,1.0,0.0,0.0106,0.28638,True,通过,Window_2023,Price-Volume
QTLD20,1.0,0.0,0.0153,0.284364,True,通过,Window_2023,Price-Volume
QTLD30,1.0,0.0,0.0165,0.282422,True,通过,Window_2023,Price-Volume
QTLD60,1.0,0.0,0.0249,0.275079,True,通过,Window_2023,Price-Volume
RANK5,1.0,0.0,0.0635,0.249255,True,通过,Window_2023,Price-Volume
RANK10,1.0,0.0,0.0095,0.274932,True,通过,Window_2023,Price-Volume
RANK20,1.0,0.0,0.002,0.283702,True,通过,Window_2023,Price-Volume
RANK30,1.0,0.0,0.002,0.285288,True,通过,Window_2023,Price-Volume
RANK60,1.0,0.0,0.002,0.28642,True,通过,Window_2023,Price-Volume
RSV5,1.0,0.0,0.0011,0.288418,True,通过,Window_2023,Price-Volume
RSV10,1.0,0.0,0.0011,0.288434,True,通过,Window_2023,Price-Volume
RSV20,1.0,0.0,0.0011,0.288436,True,通过,Window_2023,Price-Volume
RSV30,1.0,0.0,0.0011,0.288435,True,通过,Window_2023,Price-Volume
RSV60,1.0,0.0,0.0011,0.288454,True,通过,Window_2023,Price-Volume
IMAX5,1.0,0.0,0.0668,0.238923,True,通过,Window_2023,Price-Volume
IMAX10,1.0,0.0,0.0128,0.272906,True,通过,Window_2023,Price-Volume
IMAX20,1.0,0.0,0.0043,0.282563,True,通过,Window_2023,Price-Volume
IMAX30,1.0,0.0,0.0022,0.284793,True,通过,Window_2023,Price-Volume
IMAX60,1.0,0.0,0.0,0.286596,True,通过,Window_2023,Price-Volume
IMIN5,1.0,0.0,0.1266,0.207006,True,通过,Window_2023,Price-Volume
IMIN10,1.0,0.0,0.0765,0.243715,True,通过,Window_2023,Price-Volume
IMIN20,1.0,0.0,0.0433,0.261829,True,通过,Window_2023,Price-Volume
IMIN30,1.0,0.0,0.0313,0.266891,True,通过,Window_2023,Price-Volume
IMIN60,1.0,0.0,0.0355,0.265158,True,通过,Window_2023,Price-Volume
IMXD5,1.0,0.0,0.0096,0.275159,True,通过,Window_2023,Price-Volume
IMXD10,1.0,0.0,0.0,0.285007,True,通过,Window_2023,Price-Volume
IMXD20,1.0,0.0,0.0,0.28748,True,通过,Window_2023,Price-Volume
IMXD30,1.0,0.0,0.0,0.28793,True,通过,Window_2023,Price-Volume
IMXD60,1.0,0.0,0.0,0.288056,True,通过,Window_2023,Price-Volume
CORR5,1.0,0.0,0.0,0.288609,True,通过,Window_2023,Price-Volume
CORR10,1.0,0.0,0.0,0.288647,True,通过,Window_2023,Price-Volume
CORR20,1.0,0.0,0.0,0.288657,True,通过,Window_2023,Price-Volume
CORR30,1.0,0.0,0.0,0.288658,True,通过,Window_2023,Price-Volume
CORR60,1.0,0.0,0.0,0.288662,True,通过,Window_2023,Price-Volume
CORD5,1.0,0.0,0.0,0.288221,True,通过,Window_2023,Price-Volume
CORD10,1.0,0.0,0.0,0.288265,True,通过,Window_2023,Price-Volume
CORD20,1.0,0.0,0.0,0.288289,True,通过,Window_2023,Price-Volume
CORD30,1.0,0.0,0.0,0.288289,True,通过,Window_2023,Price-Volume
CORD60,1.0,0.0,0.0,0.288289,True,通过,Window_2023,Price-Volume
CNTP5,1.0,0.0,0.0042,0.269519,True,通过,Window_2023,Price-Volume
CNTP10,1.0,0.0,0.0,0.281272,True,通过,Window_2023,Price-Volume
CNTP20,1.0,0.0,0.0,0.284879,True,通过,Window_2023,Price-Volume
CNTP30,1.0,0.0,0.0,0.286019,True,通过,Window_2023,Price-Volume
CNTP60,1.0,0.0,0.0,0.287118,True,通过,Window_2023,Price-Volume
CNTN5,1.0,0.0,0.0063,0.267993,True,通过,Window_2023,Price-Volume
CNTN10,1.0,0.0,0.0,0.280846,True,通过,Window_2023,Price-Volume
CNTN20,1.0,0.0,0.0,0.284494,True,通过,Window_2023,Price-Volume
CNTN30,1.0,0.0,0.0,0.285767,True,通过,Window_2023,Price-Volume
CNTN60,1.0,0.0,0.0,0.286831,True,通过,Window_2023,Price-Volume
CNTD5,1.0,0.0,0.0,0.276239,True,通过,Window_2023,Price-Volume
CNTD10,1.0,0.0,0.0,0.284386,True,通过,Window_2023,Price-Volume
CNTD20,1.0,0.0,0.0,0.286784,True,通过,Window_2023,Price-Volume
CNTD30,1.0,0.0,0.0,0.287433,True,通过,Window_2023,Price-Volume
CNTD60,1.0,0.0,0.0,0.287923,True,通过,Window_2023,Price-Volume
SUMP5,1.0,0.0,0.0,0.288109,True,通过,Window_2023,Price-Volume
SUMP10,1.0,0.0,0.0,0.288208,True,通过,Window_2023,Price-Volume
SUMP20,1.0,0.0,0.0,0.288116,True,通过,Window_2023,Price-Volume
SUMP30,1.0,0.0,0.0,0.288032,True,通过,Window_2023,Price-Volume
SUMP60,1.0,0.0,0.0,0.28799,True,通过,Window_2023,Price-Volume
SUMN5,1.0,0.0,0.0,0.288109,True,通过,Window_2023,Price-Volume
SUMN10,1.0,0.0,0.0,0.288208,True,通过,Window_2023,Price-Volume
SUMN20,1.0,0.0,0.0,0.288116,True,通过,Window_2023,Price-Volume
SUMN30,1.0,0.0,0.0,0.288032,True,通过,Window_2023,Price-Volume
SUMN60,1.0,0.0,0.0,0.28799,True,通过,Window_2023,Price-Volume
SUMD5,1.0,0.0,0.0,0.288109,True,通过,Window_2023,Price-Volume
SUMD10,1.0,0.0,0.0,0.288208,True,通过,Window_2023,Price-Volume
SUMD20,1.0,0.0,0.0,0.288116,True,通过,Window_2023,Price-Volume
SUMD30,1.0,0.0,0.0,0.288032,True,通过,Window_2023,Price-Volume
SUMD60,1.0,0.0,0.0,0.28799,True,通过,Window_2023,Price-Volume
VMA5,1.0,0.0,0.0,0.288044,True,通过,Window_2023,Price-Volume
VMA10,1.0,0.0,0.0,0.288044,True,通过,Window_2023,Price-Volume
VMA20,1.0,0.0,0.0,0.288044,True,通过,Window_2023,Price-Volume
VMA30,1.0,0.0,0.0,0.288043,True,通过,Window_2023,Price-Volume
VMA60,1.0,0.0,0.0,0.288043,True,通过,Window_2023,Price-Volume
VSTD5,1.0,0.0,0.0,0.288016,True,通过,Window_2023,Price-Volume
VSTD10,1.0,0.0,0.0,0.288011,True,通过,Window_2023,Price-Volume
VSTD20,1.0,0.0,0.0,0.288015,True,通过,Window_2023,Price-Volume
VSTD30,1.0,0.0,0.0,0.288015,True,通过,Window_2023,Price-Volume
VSTD60,1.0,0.0,0.0,0.288018,True,通过,Window_2023,Price-Volume
WVMA5,1.0,0.0,0.0,0.288263,True,通过,Window_2023,Price-Volume
WVMA10,1.0,0.0,0.0,0.288291,True,通过,Window_2023,Price-Volume
WVMA20,1.0,0.0,0.0,0.288308,True,通过,Window_2023,Price-Volume
WVMA30,1.0,0.0,0.0,0.288306,True,通过,Window_2023,Price-Volume
WVMA60,1.0,0.0,0.0,0.288308,True,通过,Window_2023,Price-Volume
VSUMP5,1.0,0.0,0.0,0.288641,True,通过,Window_2023,Price-Volume
VSUMP10,1.0,0.0,0.0,0.288659,True,通过,Window_2023,Price-Volume
VSUMP20,1.0,0.0,0.0,0.288669,True,通过,Window_2023,Price-Volume
VSUMP30,1.0,0.0,0.0,0.288667,True,通过,Window_2023,Price-Volume
VSUMP60,1.0,0.0,0.0,0.288664,True,通过,Window_2023,Price-Volume
VSUMN5,1.0,0.0,0.0,0.288641,True,通过,Window_2023,Price-Volume
VSUMN10,1.0,0.0,0.0,0.288659,True,通过,Window_2023,Price-Volume
VSUMN20,1.0,0.0,0.0,0.288669,True,通过,Window_2023,Price-Volume
VSUMN30,1.0,0.0,0.0,0.288667,True,通过,Window_2023,Price-Volume
VSUMN60,1.0,0.0,0.0,0.288664,True,通过,Window_2023,Price-Volume
VSUMD5,1.0,0.0,0.0,0.288641,True,通过,Window_2023,Price-Volume
VSUMD10,1.0,0.0,0.0,0.288659,True,通过,Window_2023,Price-Volume
VSUMD20,1.0,0.0,0.0,0.288669,True,通过,Window_2023,Price-Volume
VSUMD30,1.0,0.0,0.0,0.288667,True,通过,Window_2023,Price-Volume
VSUMD60,1.0,0.0,0.0,0.288664,True,通过,Window_2023,Price-Volume
Alpha3,1.0,0.0,0.0,0.288307,True,通过,Window_2023,Price-Volume
Alpha4,1.0,0.0,0.2857,0.00016,True,通过,Window_2023,Price-Volume
Alpha11,1.0,0.0,0.0,0.287352,True,通过,Window_2023,Price-Volume
Alpha14,1.0,0.0,0.0,0.285255,True,通过,Window_2023,Price-Volume
Alpha15,1.0,0.0,0.0,0.287425,True,通过,Window_2023,Price-Volume
Alpha18,1.0,0.0,0.0,0.285593,True,通过,Window_2023,Price-Volume
Alpha19,1.0,0.0,0.0,0.285601,True,通过,Window_2023,Price-Volume
Alpha20,1.0,0.0,0.0,0.284978,True,通过,Window_2023,Price-Volume
Alpha29,1.0,0.0,0.0,0.284488,True,通过,Window_2023,Price-Volume
Alpha31,1.0,0.0,0.0,0.288023,True,通过,Window_2023,Price-Volume
Alpha34,1.0,0.0,0.0,0.288031,True,通过,Window_2023,Price-Volume
Alpha38,1.0,0.0,0.1322,0.189932,True,通过,Window_2023,Price-Volume
Alpha40,1.0,0.0,0.0,0.28713,True,通过,Window_2023,Price-Volume
Alpha46,1.0,0.0,0.0,0.288029,True,通过,Window_2023,Price-Volume
Alpha53,1.0,0.0,0.2289,0.000164,True,通过,Window_2023,Price-Volume
Alpha58,1.0,0.0,0.2289,0.000164,True,通过,Window_2023,Price-Volume
Alpha65,1.0,0.0,0.0,0.288027,True,通过,Window_2023,Price-Volume
Alpha66,1.0,0.0,0.0,0.288022,True,通过,Window_2023,Price-Volume
Alpha70,1.0,0.0,0.0,0.287733,True,通过,Window_2023,Price-Volume
Alpha71,1.0,0.0,0.0,0.288023,True,通过,Window_2023,Price-Volume
Alpha75,1.0,0.0,0.2289,0.000164,True,通过,Window_2023,Price-Volume
Alpha76,1.0,0.0,0.0,0.288314,True,通过,Window_2023,Price-Volume
Alpha80,1.0,0.0,0.0,0.285571,True,通过,Window_2023,Price-Volume
Alpha86,1.0,0.0,0.1208,0.210574,True,通过,Window_2023,Price-Volume
Alpha88,1.0,0.0,0.0,0.277198,True,通过,Window_2023,Price-Volume
Alpha95,1.0,0.0,0.0,0.287833,True,通过,Window_2023,Price-Volume
Alpha97,1.0,0.0,0.0,0.28774,True,通过,Window_2023,Price-Volume
Alpha100,1.0,0.0,0.0,0.287783,True,通过,Window_2023,Price-Volume
Alpha106,1.0,0.0,0.0,0.276879,True,通过,Window_2023,Price-Volume
Alpha112,1.0,0.0,0.0,0.288193,True,通过,Window_2023,Price-Volume
Alpha118,1.0,0.0,0.0,0.288589,True,通过,Window_2023,Price-Volume
Alpha126,1.0,0.0,0.0,0.288428,True,通过,Window_2023,Price-Volume
Alpha128,1.0,0.0,0.0,0.28695,True,通过,Window_2023,Price-Volume
Alpha129,1.0,0.0,0.0021,0.287009,True,通过,Window_2023,Price-Volume
Alpha132,1.0,0.0,0.0,0.288446,True,通过,Window_2023,Price-Volume
Alpha134,1.0,0.0,0.0,0.28094,True,通过,Window_2023,Price-Volume
Alpha139,1.0,0.0,0.0001,0.287436,True,通过,Window_2023,Price-Volume
Alpha145,1.0,0.0,0.0252,0.283146,True,通过,Window_2023,Price-Volume
Alpha150,1.0,0.0,0.0,0.288314,True,通过,Window_2023,Price-Volume
Alpha153,1.0,0.0,0.0,0.28843,True,通过,Window_2023,Price-Volume
Alpha167,1.0,0.0,0.0021,0.287088,True,通过,Window_2023,Price-Volume
Alpha168,1.0,0.0,0.0,0.288008,True,通过,Window_2023,Price-Volume
Alpha178,1.0,0.0,0.0,0.28749,True,通过,Window_2023,Price-Volume
Alpha189,1.0,0.0,0.0,0.288168,True,通过,Window_2023,Price-Volume
Alpha191,1.0,0.0,0.0,0.288534,True,通过,Window_2023,Price-Volume
roe_ttm,1.0,0.0,0.0011,0.245877,True,通过,Window_2023,Quality
roa_ttm,1.0,0.0,0.0011,0.245843,True,通过,Window_2023,Quality
grossprofit_margin,1.0,0.0,0.0011,0.245856,True,通过,Window_2023,Quality
netprofit_margin,1.0,0.0,0.0011,0.245864,True,通过,Window_2023,Quality
debt_to_assets,1.0,0.0,0.0011,0.245887,True,通过,Window_2023,Quality
current_ratio,1.0,0.0,0.0011,0.245809,True,通过,Window_2023,Quality
inv_turn,1.0,0.0,0.0011,0.24561,True,通过,Window_2023,Quality
ocf_to_netprofit,1.0,0.0,0.0011,0.245741,True,通过,Window_2023,Quality
STR_20d,1.0,0.0,0.0,0.28801,True,通过,Window_2023,Reversal
STR_5d,1.0,0.0,0.0,0.288429,True,通过,Window_2023,Reversal
LTR_12m,1.0,0.0,0.0,0.277279,True,通过,Window_2023,Reversal
VOL_REV,1.0,0.0,0.0,0.288522,True,通过,Window_2023,Reversal
EXTREME_REV,1.0,0.0,0.2846,0.009445,True,通过,Window_2023,Reversal
short_reversal,1.0,0.0,0.0,0.285593,True,通过,Window_2023,Reversal
turnover_rate_1m,1.0,0.0,0.081,0.120429,True,通过,Window_2023,Size & Liquidity
illiquidity_amihud,1.0,0.0,0.0,0.288518,True,通过,Window_2023,Size & Liquidity
total_mv_log,1.0,0.0,0.0,0.288644,True,通过,Window_2023,Size & Liquidity
volume_surge,1.0,0.0,0.0,0.288634,True,通过,Window_2023,Size & Liquidity
pe_ttm,1.0,0.0,0.0896,0.1055,True,通过,Window_2023,Value
pb_lf,1.0,0.0,0.0896,0.105513,True,通过,Window_2023,Value
ps_ttm,1.0,0.0,0.0896,0.105517,True,通过,Window_2023,Value
dv_ttm,1.0,0.0,0.0896,0.105279,True,通过,Window_2023,Value
volatility_1m,1.0,0.0,0.0,0.287435,True,通过,Window_2023,Volatility & Risk
beta,1.0,0.0,0.0,0.288049,True,通过,Window_2023,Volatility & Risk
shareholder_change,1.0,0.0,0.0661,0.125845,True,通过,Window_2023,Volatility & Risk
pledge_ratio,1.0,0.0,0.001,0.232358,True,通过,Window_2023,Volatility & Risk
netprofit_yoy,1.0,0.0,0.0011,0.246316,True,通过,Window_2024,Growth
tr_yoy,1.0,0.0,0.0011,0.246505,True,通过,Window_2024,Growth
basic_eps_yoy,1.0,0.0,0.001,0.246319,True,通过,Window_2024,Growth
MOM_6m,1.0,0.0,0.0,0.28859,True,通过,Window_2024,Momentum
MOM_12m,1.0,0.0,0.0,0.286121,True,通过,Window_2024,Momentum
MOM_skip1m,1.0,0.0,0.0,0.287965,True,通过,Window_2024,Momentum
IND_NEUT_MOM,1.0,0.0,0.0,0.288626,True,通过,Window_2024,Momentum
MOM_ACCEL,1.0,0.0,0.0,0.288608,True,通过,Window_2024,Momentum
momentum_1m,1.0,0.0,0.0,0.276407,True,通过,Window_2024,Momentum
ma_cross_5_20,1.0,0.0,0.0063,0.285635,True,通过,Window_2024,Momentum
long_momentum,1.0,0.0,0.0,0.249974,True,通过,Window_2024,Momentum
KMID,1.0,0.0,0.0,0.288622,True,通过,Window_2024,Price-Volume
KLEN,1.0,0.0,0.0,0.288626,True,通过,Window_2024,Price-Volume
KMID2,1.0,0.0,0.0,0.288633,True,通过,Window_2024,Price-Volume
KUP,1.0,0.0,0.0,0.288389,True,通过,Window_2024,Price-Volume
KUP2,1.0,0.0,0.0,0.288418,True,通过,Window_2024,Price-Volume
KLOW,1.0,0.0,0.0,0.288431,True,通过,Window_2024,Price-Volume
KLOW2,1.0,0.0,0.0,0.288458,True,通过,Window_2024,Price-Volume
KSFT,1.0,0.0,0.0,0.288639,True,通过,Window_2024,Price-Volume
KSFT2,1.0,0.0,0.0,0.288517,True,通过,Window_2024,Price-Volume
OPEN0,1.0,0.0,0.0,0.288625,True,通过,Window_2024,Price-Volume
HIGH0,1.0,0.0,0.0,0.288575,True,通过,Window_2024,Price-Volume
LOW0,1.0,0.0,0.0,0.288458,True,通过,Window_2024,Price-Volume
VWAP0,1.0,0.0,0.0,0.28864,True,通过,Window_2024,Price-Volume
ROC5,1.0,0.0,0.0,0.285632,True,通过,Window_2024,Price-Volume
ROC10,1.0,0.0,0.0,0.282576,True,通过,Window_2024,Price-Volume
ROC20,1.0,0.0,0.0,0.276417,True,通过,Window_2024,Price-Volume
ROC30,1.0,0.0,0.0,0.270166,True,通过,Window_2024,Price-Volume
ROC60,1.0,0.0,0.0,0.249999,True,通过,Window_2024,Price-Volume
MA5,1.0,0.0,0.0,0.288043,True,通过,Window_2024,Price-Volume
MA10,1.0,0.0,0.0,0.288047,True,通过,Window_2024,Price-Volume
MA20,1.0,0.0,0.0,0.288051,True,通过,Window_2024,Price-Volume
MA30,1.0,0.0,0.0,0.288052,True,通过,Window_2024,Price-Volume
MA60,1.0,0.0,0.0,0.288053,True,通过,Window_2024,Price-Volume
STD5,1.0,0.0,0.0,0.288029,True,通过,Window_2024,Price-Volume
STD10,1.0,0.0,0.0,0.288042,True,通过,Window_2024,Price-Volume
STD20,1.0,0.0,0.0,0.288048,True,通过,Window_2024,Price-Volume
STD30,1.0,0.0,0.0,0.28864,True,通过,Window_2024,Price-Volume
STD60,1.0,0.0,0.0,0.288047,True,通过,Window_2024,Price-Volume
BETA5,1.0,0.0,0.0,0.288621,True,通过,Window_2024,Price-Volume
BETA10,1.0,0.0,0.0,0.288633,True,通过,Window_2024,Price-Volume
BETA20,1.0,0.0,0.0,0.288644,True,通过,Window_2024,Price-Volume
BETA30,1.0,0.0,0.0,0.288645,True,通过,Window_2024,Price-Volume
BETA60,1.0,0.0,0.0,0.288647,True,通过,Window_2024,Price-Volume
RSQR5,1.0,0.0,0.0,0.288623,True,通过,Window_2024,Price-Volume
RSQR10,1.0,0.0,0.0,0.288656,True,通过,Window_2024,Price-Volume
RSQR20,1.0,0.0,0.0,0.288671,True,通过,Window_2024,Price-Volume
RSQR30,1.0,0.0,0.0,0.288674,True,通过,Window_2024,Price-Volume
RSQR60,1.0,0.0,0.0,0.288675,True,通过,Window_2024,Price-Volume
RESI5,1.0,0.0,0.0,0.288624,True,通过,Window_2024,Price-Volume
RESI10,1.0,0.0,0.0,0.288633,True,通过,Window_2024,Price-Volume
RESI20,1.0,0.0,0.0,0.288642,True,通过,Window_2024,Price-Volume
RESI30,1.0,0.0,0.0,0.288644,True,通过,Window_2024,Price-Volume
RESI60,1.0,0.0,0.0,0.288645,True,通过,Window_2024,Price-Volume
MAX5,1.0,0.0,0.0,0.288605,True,通过,Window_2024,Price-Volume
MAX10,1.0,0.0,0.0,0.288612,True,通过,Window_2024,Price-Volume
MAX20,1.0,0.0,0.0,0.288625,True,通过,Window_2024,Price-Volume
MAX30,1.0,0.0,0.0,0.288627,True,通过,Window_2024,Price-Volume
MAX60,1.0,0.0,0.0,0.288634,True,通过,Window_2024,Price-Volume
MIN5,1.0,0.0,0.0,0.288482,True,通过,Window_2024,Price-Volume
MIN10,1.0,0.0,0.0,0.288484,True,通过,Window_2024,Price-Volume
MIN20,1.0,0.0,0.0,0.288495,True,通过,Window_2024,Price-Volume
MIN30,1.0,0.0,0.0,0.288504,True,通过,Window_2024,Price-Volume
MIN60,1.0,0.0,0.0,0.288536,True,通过,Window_2024,Price-Volume
QTLU5,1.0,0.0,0.0,0.288592,True,通过,Window_2024,Price-Volume
QTLU10,1.0,0.0,0.0,0.288608,True,通过,Window_2024,Price-Volume
QTLU20,1.0,0.0,0.0,0.288622,True,通过,Window_2024,Price-Volume
QTLU30,1.0,0.0,0.0,0.28863,True,通过,Window_2024,Price-Volume
QTLU60,1.0,0.0,0.0,0.288639,True,通过,Window_2024,Price-Volume
QTLD5,1.0,0.0,0.0,0.288485,True,通过,Window_2024,Price-Volume
QTLD10,1.0,0.0,0.0,0.288555,True,通过,Window_2024,Price-Volume
QTLD20,1.0,0.0,0.0,0.288581,True,通过,Window_2024,Price-Volume
QTLD30,1.0,0.0,0.0,0.288591,True,通过,Window_2024,Price-Volume
QTLD60,1.0,0.0,0.0,0.288602,True,通过,Window_2024,Price-Volume
RANK5,1.0,0.0,0.0708,0.250351,True,通过,Window_2024,Price-Volume
RANK10,1.0,0.0,0.0204,0.27577,True,通过,Window_2024,Price-Volume
RANK20,1.0,0.0,0.014,0.28239,True,通过,Window_2024,Price-Volume
RANK30,1.0,0.0,0.0077,0.284317,True,通过,Window_2024,Price-Volume
RANK60,1.0,0.0,0.0056,0.286767,True,通过,Window_2024,Price-Volume
RSV5,1.0,0.0,0.0,0.288571,True,通过,Window_2024,Price-Volume
RSV10,1.0,0.0,0.0,0.288567,True,通过,Window_2024,Price-Volume
RSV20,1.0,0.0,0.0,0.288563,True,通过,Window_2024,Price-Volume
RSV30,1.0,0.0,0.0,0.288563,True,通过,Window_2024,Price-Volume
RSV60,1.0,0.0,0.0,0.28857,True,通过,Window_2024,Price-Volume
IMAX5,1.0,0.0,0.0989,0.243724,True,通过,Window_2024,Price-Volume
IMAX10,1.0,0.0,0.0293,0.275647,True,通过,Window_2024,Price-Volume
IMAX20,1.0,0.0,0.0086,0.284083,True,通过,Window_2024,Price-Volume
IMAX30,1.0,0.0,0.0015,0.285958,True,通过,Window_2024,Price-Volume
IMAX60,1.0,0.0,0.0,0.287851,True,通过,Window_2024,Price-Volume
IMIN5,1.0,0.0,0.1392,0.215112,True,通过,Window_2024,Price-Volume
IMIN10,1.0,0.0,0.0824,0.251718,True,通过,Window_2024,Price-Volume
IMIN20,1.0,0.0,0.0673,0.259412,True,通过,Window_2024,Price-Volume
IMIN30,1.0,0.0,0.0545,0.26178,True,通过,Window_2024,Price-Volume
IMIN60,1.0,0.0,0.0738,0.257938,True,通过,Window_2024,Price-Volume
IMXD5,1.0,0.0,0.0207,0.277135,True,通过,Window_2024,Price-Volume
IMXD10,1.0,0.0,0.0106,0.284818,True,通过,Window_2024,Price-Volume
IMXD20,1.0,0.0,0.0,0.287788,True,通过,Window_2024,Price-Volume
IMXD30,1.0,0.0,0.0,0.288223,True,通过,Window_2024,Price-Volume
IMXD60,1.0,0.0,0.0,0.288395,True,通过,Window_2024,Price-Volume
CORR5,1.0,0.0,0.0,0.288629,True,通过,Window_2024,Price-Volume
CORR10,1.0,0.0,0.0,0.288659,True,通过,Window_2024,Price-Volume
CORR20,1.0,0.0,0.0,0.288672,True,通过,Window_2024,Price-Volume
CORR30,1.0,0.0,0.0,0.288672,True,通过,Window_2024,Price-Volume
CORR60,1.0,0.0,0.0,0.288674,True,通过,Window_2024,Price-Volume
CORD5,1.0,0.0,0.0,0.288613,True,通过,Window_2024,Price-Volume
CORD10,1.0,0.0,0.0,0.288651,True,通过,Window_2024,Price-Volume
CORD20,1.0,0.0,0.0,0.288674,True,通过,Window_2024,Price-Volume
CORD30,1.0,0.0,0.0,0.288674,True,通过,Window_2024,Price-Volume
CORD60,1.0,0.0,0.0,0.288675,True,通过,Window_2024,Price-Volume
CNTP5,1.0,0.0,0.0129,0.272412,True,通过,Window_2024,Price-Volume
CNTP10,1.0,0.0,0.0,0.281627,True,通过,Window_2024,Price-Volume
CNTP20,1.0,0.0,0.0,0.285176,True,通过,Window_2024,Price-Volume
CNTP30,1.0,0.0,0.0,0.286367,True,通过,Window_2024,Price-Volume
CNTP60,1.0,0.0,0.0,0.287553,True,通过,Window_2024,Price-Volume
CNTN5,1.0,0.0,0.0128,0.272287,True,通过,Window_2024,Price-Volume
CNTN10,1.0,0.0,0.0,0.281551,True,通过,Window_2024,Price-Volume
CNTN20,1.0,0.0,0.0,0.285121,True,通过,Window_2024,Price-Volume
CNTN30,1.0,0.0,0.0,0.286329,True,通过,Window_2024,Price-Volume
CNTN60,1.0,0.0,0.0,0.287505,True,通过,Window_2024,Price-Volume
CNTD5,1.0,0.0,0.0085,0.277896,True,通过,Window_2024,Price-Volume
CNTD10,1.0,0.0,0.0,0.284908,True,通过,Window_2024,Price-Volume
CNTD20,1.0,0.0,0.0,0.287217,True,通过,Window_2024,Price-Volume
CNTD30,1.0,0.0,0.0,0.287827,True,通过,Window_2024,Price-Volume
CNTD60,1.0,0.0,0.0,0.288304,True,通过,Window_2024,Price-Volume
SUMP5,1.0,0.0,0.0,0.288534,True,通过,Window_2024,Price-Volume
SUMP10,1.0,0.0,0.0,0.28866,True,通过,Window_2024,Price-Volume
SUMP20,1.0,0.0,0.0,0.288674,True,通过,Window_2024,Price-Volume
SUMP30,1.0,0.0,0.0,0.288674,True,通过,Window_2024,Price-Volume
SUMP60,1.0,0.0,0.0,0.288675,True,通过,Window_2024,Price-Volume
SUMN5,1.0,0.0,0.0,0.288534,True,通过,Window_2024,Price-Volume
SUMN10,1.0,0.0,0.0,0.28866,True,通过,Window_2024,Price-Volume
SUMN20,1.0,0.0,0.0,0.288674,True,通过,Window_2024,Price-Volume
SUMN30,1.0,0.0,0.0,0.288674,True,通过,Window_2024,Price-Volume
SUMN60,1.0,0.0,0.0,0.288675,True,通过,Window_2024,Price-Volume
SUMD5,1.0,0.0,0.0,0.288534,True,通过,Window_2024,Price-Volume
SUMD10,1.0,0.0,0.0,0.28866,True,通过,Window_2024,Price-Volume
SUMD20,1.0,0.0,0.0,0.288674,True,通过,Window_2024,Price-Volume
SUMD30,1.0,0.0,0.0,0.288674,True,通过,Window_2024,Price-Volume
SUMD60,1.0,0.0,0.0,0.288675,True,通过,Window_2024,Price-Volume
VMA5,1.0,0.0,0.0,0.288058,True,通过,Window_2024,Price-Volume
VMA10,1.0,0.0,0.0,0.288058,True,通过,Window_2024,Price-Volume
VMA20,1.0,0.0,0.0,0.288057,True,通过,Window_2024,Price-Volume
VMA30,1.0,0.0,0.0,0.288057,True,通过,Window_2024,Price-Volume
VMA60,1.0,0.0,0.0,0.288057,True,通过,Window_2024,Price-Volume
VSTD5,1.0,0.0,0.0,0.28803,True,通过,Window_2024,Price-Volume
VSTD10,1.0,0.0,0.0,0.288022,True,通过,Window_2024,Price-Volume
VSTD20,1.0,0.0,0.0,0.288025,True,通过,Window_2024,Price-Volume
VSTD30,1.0,0.0,0.0,0.288022,True,通过,Window_2024,Price-Volume
VSTD60,1.0,0.0,0.0,0.28802,True,通过,Window_2024,Price-Volume
WVMA5,1.0,0.0,0.0,0.288626,True,通过,Window_2024,Price-Volume
WVMA10,1.0,0.0,0.0,0.288649,True,通过,Window_2024,Price-Volume
WVMA20,1.0,0.0,0.0,0.288667,True,通过,Window_2024,Price-Volume
WVMA30,1.0,0.0,0.0,0.288664,True,通过,Window_2024,Price-Volume
WVMA60,1.0,0.0,0.0,0.288665,True,通过,Window_2024,Price-Volume
VSUMP5,1.0,0.0,0.0,0.288643,True,通过,Window_2024,Price-Volume
VSUMP10,1.0,0.0,0.0,0.288657,True,通过,Window_2024,Price-Volume
VSUMP20,1.0,0.0,0.0,0.288667,True,通过,Window_2024,Price-Volume
VSUMP30,1.0,0.0,0.0,0.288665,True,通过,Window_2024,Price-Volume
VSUMP60,1.0,0.0,0.0,0.288665,True,通过,Window_2024,Price-Volume
VSUMN5,1.0,0.0,0.0,0.288643,True,通过,Window_2024,Price-Volume
VSUMN10,1.0,0.0,0.0,0.288657,True,通过,Window_2024,Price-Volume
VSUMN20,1.0,0.0,0.0,0.288667,True,通过,Window_2024,Price-Volume
VSUMN30,1.0,0.0,0.0,0.288665,True,通过,Window_2024,Price-Volume
VSUMN60,1.0,0.0,0.0,0.288665,True,通过,Window_2024,Price-Volume
VSUMD5,1.0,0.0,0.0,0.288643,True,通过,Window_2024,Price-Volume
VSUMD10,1.0,0.0,0.0,0.288657,True,通过,Window_2024,Price-Volume
VSUMD20,1.0,0.0,0.0,0.288667,True,通过,Window_2024,Price-Volume
VSUMD30,1.0,0.0,0.0,0.288665,True,通过,Window_2024,Price-Volume
VSUMD60,1.0,0.0,0.0,0.288665,True,通过,Window_2024,Price-Volume
Alpha3,1.0,0.0,0.0,0.288279,True,通过,Window_2024,Price-Volume
Alpha4,1.0,0.0,0.3696,4.3e-05,True,通过,Window_2024,Price-Volume
Alpha11,1.0,0.0,0.0,0.288088,True,通过,Window_2024,Price-Volume
Alpha14,1.0,0.0,0.0,0.285264,True,通过,Window_2024,Price-Volume
Alpha15,1.0,0.0,0.0,0.287408,True,通过,Window_2024,Price-Volume
Alpha18,1.0,0.0,0.0,0.285626,True,通过,Window_2024,Price-Volume
Alpha19,1.0,0.0,0.0,0.285632,True,通过,Window_2024,Price-Volume
Alpha20,1.0,0.0,0.0,0.285017,True,通过,Window_2024,Price-Volume
Alpha29,1.0,0.0,0.0,0.284541,True,通过,Window_2024,Price-Volume
Alpha31,1.0,0.0,0.0,0.288043,True,通过,Window_2024,Price-Volume
Alpha34,1.0,0.0,0.0,0.288048,True,通过,Window_2024,Price-Volume
Alpha38,1.0,0.0,0.2248,0.188148,True,通过,Window_2024,Price-Volume
Alpha40,1.0,0.0,0.0,0.287257,True,通过,Window_2024,Price-Volume
Alpha46,1.0,0.0,0.0,0.288047,True,通过,Window_2024,Price-Volume
Alpha53,1.0,0.0,0.0757,0.000116,True,通过,Window_2024,Price-Volume
Alpha58,1.0,0.0,0.0757,0.000116,True,通过,Window_2024,Price-Volume
Alpha65,1.0,0.0,0.0,0.288044,True,通过,Window_2024,Price-Volume
Alpha66,1.0,0.0,0.0,0.28804,True,通过,Window_2024,Price-Volume
Alpha70,1.0,0.0,0.0,0.287703,True,通过,Window_2024,Price-Volume
Alpha71,1.0,0.0,0.0,0.288045,True,通过,Window_2024,Price-Volume
Alpha75,1.0,0.0,0.0757,0.000116,True,通过,Window_2024,Price-Volume
Alpha76,1.0,0.0,0.0,0.288672,True,通过,Window_2024,Price-Volume
Alpha80,1.0,0.0,0.0,0.285602,True,通过,Window_2024,Price-Volume
Alpha86,1.0,0.0,0.1869,0.209295,True,通过,Window_2024,Price-Volume
Alpha88,1.0,0.0,0.0,0.276407,True,通过,Window_2024,Price-Volume
Alpha95,1.0,0.0,0.0,0.287847,True,通过,Window_2024,Price-Volume
Alpha97,1.0,0.0,0.0,0.287747,True,通过,Window_2024,Price-Volume
Alpha100,1.0,0.0,0.0,0.287794,True,通过,Window_2024,Price-Volume
Alpha106,1.0,0.0,0.0,0.27608,True,通过,Window_2024,Price-Volume
Alpha112,1.0,0.0,0.0,0.288673,True,通过,Window_2024,Price-Volume
Alpha118,1.0,0.0,0.0,0.288598,True,通过,Window_2024,Price-Volume
Alpha126,1.0,0.0,0.0,0.288374,True,通过,Window_2024,Price-Volume
Alpha128,1.0,0.0,0.0,0.286814,True,通过,Window_2024,Price-Volume
Alpha129,1.0,0.0,0.0,0.287198,True,通过,Window_2024,Price-Volume
Alpha132,1.0,0.0,0.0,0.288395,True,通过,Window_2024,Price-Volume
Alpha134,1.0,0.0,0.0,0.280878,True,通过,Window_2024,Price-Volume
Alpha139,1.0,0.0,0.0001,0.287456,True,通过,Window_2024,Price-Volume
Alpha145,1.0,0.0,0.0126,0.28319,True,通过,Window_2024,Price-Volume
Alpha150,1.0,0.0,0.0,0.288301,True,通过,Window_2024,Price-Volume
Alpha153,1.0,0.0,0.0,0.288376,True,通过,Window_2024,Price-Volume
Alpha167,1.0,0.0,0.0,0.287007,True,通过,Window_2024,Price-Volume
Alpha168,1.0,0.0,0.0,0.288023,True,通过,Window_2024,Price-Volume
Alpha178,1.0,0.0,0.0,0.287519,True,通过,Window_2024,Price-Volume
Alpha189,1.0,0.0,0.0,0.28805,True,通过,Window_2024,Price-Volume
Alpha191,1.0,0.0,0.0,0.28857,True,通过,Window_2024,Price-Volume
roe_ttm,1.0,0.0,0.0011,0.24651,True,通过,Window_2024,Quality
roa_ttm,1.0,0.0,0.0011,0.246468,True,通过,Window_2024,Quality
grossprofit_margin,1.0,0.0,0.0011,0.246491,True,通过,Window_2024,Quality
netprofit_margin,1.0,0.0,0.0011,0.246508,True,通过,Window_2024,Quality
debt_to_assets,1.0,0.0,0.0011,0.246527,True,通过,Window_2024,Quality
current_ratio,1.0,0.0,0.0011,0.246451,True,通过,Window_2024,Quality
inv_turn,1.0,0.0,0.0011,0.246244,True,通过,Window_2024,Quality
ocf_to_netprofit,1.0,0.0,0.0011,0.246362,True,通过,Window_2024,Quality
STR_20d,1.0,0.0,0.0,0.288635,True,通过,Window_2024,Reversal
STR_5d,1.0,0.0,0.0,0.288633,True,通过,Window_2024,Reversal
LTR_12m,1.0,0.0,0.0,0.286546,True,通过,Window_2024,Reversal
VOL_REV,1.0,0.0,0.0,0.28865,True,通过,Window_2024,Reversal
EXTREME_REV,1.0,0.0,0.3696,4.3e-05,True,通过,Window_2024,Reversal
short_reversal,1.0,0.0,0.0,0.285626,True,通过,Window_2024,Reversal
illiquidity_amihud,1.0,0.0,0.0,0.288562,True,通过,Window_2024,Size & Liquidity
total_mv_log,1.0,0.0,0.0,0.28865,True,通过,Window_2024,Size & Liquidity
volume_surge,1.0,0.0,0.0,0.288635,True,通过,Window_2024,Size & Liquidity
volatility_1m,1.0,0.0,0.0,0.287454,True,通过,Window_2024,Volatility & Risk
beta,1.0,0.0,0.0,0.28865,True,通过,Window_2024,Volatility & Risk
shareholder_change,1.0,0.0,0.0384,0.126793,True,通过,Window_2024,Volatility & Risk
pledge_ratio,1.0,0.0,0.0009,0.225814,True,通过,Window_2024,Volatility & Risk
netprofit_yoy,1.0,0.0,0.001,0.245792,True,通过,Window_2025,Growth
tr_yoy,1.0,0.0,0.001,0.245867,True,通过,Window_2025,Growth
basic_eps_yoy,1.0,0.0,0.001,0.245789,True,通过,Window_2025,Growth
MOM_6m,1.0,0.0,0.0,0.288648,True,通过,Window_2025,Momentum
MOM_12m,1.0,0.0,0.0,0.288214,True,通过,Window_2025,Momentum
MOM_skip1m,1.0,0.0,0.0,0.288319,True,通过,Window_2025,Momentum
IND_NEUT_MOM,1.0,0.0,0.0,0.288651,True,通过,Window_2025,Momentum
MOM_ACCEL,1.0,0.0,0.0,0.28865,True,通过,Window_2025,Momentum
momentum_1m,1.0,0.0,0.0,0.276283,True,通过,Window_2025,Momentum
ma_cross_5_20,1.0,0.0,0.0084,0.285613,True,通过,Window_2025,Momentum
long_momentum,1.0,0.0,0.0,0.249758,True,通过,Window_2025,Momentum
KMID,1.0,0.0,0.0,0.288633,True,通过,Window_2025,Price-Volume
KLEN,1.0,0.0,0.0,0.28863,True,通过,Window_2025,Price-Volume
KMID2,1.0,0.0,0.0,0.288635,True,通过,Window_2025,Price-Volume
KUP,1.0,0.0,0.0,0.288364,True,通过,Window_2025,Price-Volume
KUP2,1.0,0.0,0.0,0.288387,True,通过,Window_2025,Price-Volume
KLOW,1.0,0.0,0.0,0.288328,True,通过,Window_2025,Price-Volume
KLOW2,1.0,0.0,0.0,0.288341,True,通过,Window_2025,Price-Volume
KSFT,1.0,0.0,0.0,0.288652,True,通过,Window_2025,Price-Volume
KSFT2,1.0,0.0,0.0,0.288434,True,通过,Window_2025,Price-Volume
OPEN0,1.0,0.0,0.0,0.288634,True,通过,Window_2025,Price-Volume
HIGH0,1.0,0.0,0.0,0.288576,True,通过,Window_2025,Price-Volume
LOW0,1.0,0.0,0.0,0.288397,True,通过,Window_2025,Price-Volume
VWAP0,1.0,0.0,0.0,0.288654,True,通过,Window_2025,Price-Volume
ROC5,1.0,0.0,0.0,0.285606,True,通过,Window_2025,Price-Volume
ROC10,1.0,0.0,0.0,0.282504,True,通过,Window_2025,Price-Volume
ROC20,1.0,0.0,0.0,0.276288,True,通过,Window_2025,Price-Volume
ROC30,1.0,0.0,0.0,0.269834,True,通过,Window_2025,Price-Volume
ROC60,1.0,0.0,0.0,0.249765,True,通过,Window_2025,Price-Volume
MA5,1.0,0.0,0.002,0.28805,True,通过,Window_2025,Price-Volume
MA10,1.0,0.0,0.002,0.288054,True,通过,Window_2025,Price-Volume
MA20,1.0,0.0,0.002,0.288057,True,通过,Window_2025,Price-Volume
MA30,1.0,0.0,0.002,0.288058,True,通过,Window_2025,Price-Volume
MA60,1.0,0.0,0.002,0.288059,True,通过,Window_2025,Price-Volume
STD5,1.0,0.0,0.0,0.288029,True,通过,Window_2025,Price-Volume
STD10,1.0,0.0,0.0,0.288037,True,通过,Window_2025,Price-Volume
STD20,1.0,0.0,0.0,0.288044,True,通过,Window_2025,Price-Volume
STD30,1.0,0.0,0.0,0.288645,True,通过,Window_2025,Price-Volume
STD60,1.0,0.0,0.0,0.28805,True,通过,Window_2025,Price-Volume
BETA5,1.0,0.0,0.0,0.288636,True,通过,Window_2025,Price-Volume
BETA10,1.0,0.0,0.0,0.288646,True,通过,Window_2025,Price-Volume
BETA20,1.0,0.0,0.0,0.288655,True,通过,Window_2025,Price-Volume
BETA30,1.0,0.0,0.0,0.288655,True,通过,Window_2025,Price-Volume
BETA60,1.0,0.0,0.0,0.288657,True,通过,Window_2025,Price-Volume
RSQR5,1.0,0.0,0.0,0.288614,True,通过,Window_2025,Price-Volume
RSQR10,1.0,0.0,0.0,0.288658,True,通过,Window_2025,Price-Volume
RSQR20,1.0,0.0,0.0,0.288671,True,通过,Window_2025,Price-Volume
RSQR30,1.0,0.0,0.0,0.288675,True,通过,Window_2025,Price-Volume
RSQR60,1.0,0.0,0.0,0.203114,True,通过,Window_2025,Price-Volume
RESI5,1.0,0.0,0.0,0.288638,True,通过,Window_2025,Price-Volume
RESI10,1.0,0.0,0.0,0.288645,True,通过,Window_2025,Price-Volume
RESI20,1.0,0.0,0.0,0.288653,True,通过,Window_2025,Price-Volume
RESI30,1.0,0.0,0.0,0.288655,True,通过,Window_2025,Price-Volume
RESI60,1.0,0.0,0.0,0.288656,True,通过,Window_2025,Price-Volume
MAX5,1.0,0.0,0.0,0.288618,True,通过,Window_2025,Price-Volume
MAX10,1.0,0.0,0.0,0.288627,True,通过,Window_2025,Price-Volume
MAX20,1.0,0.0,0.0,0.288636,True,通过,Window_2025,Price-Volume
MAX30,1.0,0.0,0.0,0.288637,True,通过,Window_2025,Price-Volume
MAX60,1.0,0.0,0.0,0.288644,True,通过,Window_2025,Price-Volume
MIN5,1.0,0.0,0.0,0.288476,True,通过,Window_2025,Price-Volume
MIN10,1.0,0.0,0.0,0.288488,True,通过,Window_2025,Price-Volume
MIN20,1.0,0.0,0.0,0.288505,True,通过,Window_2025,Price-Volume
MIN30,1.0,0.0,0.0,0.288513,True,通过,Window_2025,Price-Volume
MIN60,1.0,0.0,0.0,0.288559,True,通过,Window_2025,Price-Volume
QTLU5,1.0,0.0,0.0,0.288608,True,通过,Window_2025,Price-Volume
QTLU10,1.0,0.0,0.0,0.288624,True,通过,Window_2025,Price-Volume
QTLU20,1.0,0.0,0.0,0.288636,True,通过,Window_2025,Price-Volume
QTLU30,1.0,0.0,0.0,0.28864,True,通过,Window_2025,Price-Volume
QTLU60,1.0,0.0,0.0,0.288649,True,通过,Window_2025,Price-Volume
QTLD5,1.0,0.0,0.0,0.288545,True,通过,Window_2025,Price-Volume
QTLD10,1.0,0.0,0.0,0.288594,True,通过,Window_2025,Price-Volume
QTLD20,1.0,0.0,0.0,0.288613,True,通过,Window_2025,Price-Volume
QTLD30,1.0,0.0,0.0,0.288622,True,通过,Window_2025,Price-Volume
QTLD60,1.0,0.0,0.0,0.288636,True,通过,Window_2025,Price-Volume
RANK5,1.0,0.0,0.1023,0.243143,True,通过,Window_2025,Price-Volume
RANK10,1.0,0.0,0.0325,0.271132,True,通过,Window_2025,Price-Volume
RANK20,1.0,0.0,0.0157,0.27957,True,通过,Window_2025,Price-Volume
RANK30,1.0,0.0,0.0073,0.282988,True,通过,Window_2025,Price-Volume
RANK60,1.0,0.0,0.0032,0.286415,True,通过,Window_2025,Price-Volume
RSV5,1.0,0.0,0.0,0.288551,True,通过,Window_2025,Price-Volume
RSV10,1.0,0.0,0.0,0.288553,True,通过,Window_2025,Price-Volume
RSV20,1.0,0.0,0.0,0.288554,True,通过,Window_2025,Price-Volume
RSV30,1.0,0.0,0.0,0.288558,True,通过,Window_2025,Price-Volume
RSV60,1.0,0.0,0.0,0.288566,True,通过,Window_2025,Price-Volume
IMAX5,1.0,0.0,0.1186,0.234092,True,通过,Window_2025,Price-Volume
IMAX10,1.0,0.0,0.0356,0.271063,True,通过,Window_2025,Price-Volume
IMAX20,1.0,0.0,0.0085,0.282718,True,通过,Window_2025,Price-Volume
IMAX30,1.0,0.0,0.0011,0.28528,True,通过,Window_2025,Price-Volume
IMAX60,1.0,0.0,0.0,0.287518,True,通过,Window_2025,Price-Volume
IMIN5,1.0,0.0,0.1715,0.201221,True,通过,Window_2025,Price-Volume
IMIN10,1.0,0.0,0.1059,0.238633,True,通过,Window_2025,Price-Volume
IMIN20,1.0,0.0,0.0587,0.253423,True,通过,Window_2025,Price-Volume
IMIN30,1.0,0.0,0.0522,0.258016,True,通过,Window_2025,Price-Volume
IMIN60,1.0,0.0,0.0668,0.25681,True,通过,Window_2025,Price-Volume
IMXD5,1.0,0.0,0.0281,0.273559,True,通过,Window_2025,Price-Volume
IMXD10,1.0,0.0,0.0061,0.284464,True,通过,Window_2025,Price-Volume
IMXD20,1.0,0.0,0.0,0.287598,True,通过,Window_2025,Price-Volume
IMXD30,1.0,0.0,0.0,0.288098,True,通过,Window_2025,Price-Volume
IMXD60,1.0,0.0,0.0,0.288177,True,通过,Window_2025,Price-Volume
CORR5,1.0,0.0,0.0,0.288625,True,通过,Window_2025,Price-Volume
CORR10,1.0,0.0,0.0,0.288663,True,通过,Window_2025,Price-Volume
CORR20,1.0,0.0,0.0,0.288673,True,通过,Window_2025,Price-Volume
CORR30,1.0,0.0,0.0,0.288674,True,通过,Window_2025,Price-Volume
CORR60,1.0,0.0,0.0,0.288675,True,通过,Window_2025,Price-Volume
CORD5,1.0,0.0,0.0,0.288616,True,通过,Window_2025,Price-Volume
CORD10,1.0,0.0,0.0,0.288655,True,通过,Window_2025,Price-Volume
CORD20,1.0,0.0,0.0,0.288674,True,通过,Window_2025,Price-Volume
CORD30,1.0,0.0,0.0,0.288674,True,通过,Window_2025,Price-Volume
CORD60,1.0,0.0,0.0,0.288675,True,通过,Window_2025,Price-Volume
CNTP5,1.0,0.0,0.0106,0.270503,True,通过,Window_2025,Price-Volume
CNTP10,1.0,0.0,0.0,0.281441,True,通过,Window_2025,Price-Volume
CNTP20,1.0,0.0,0.0,0.285044,True,通过,Window_2025,Price-Volume
CNTP30,1.0,0.0,0.0,0.28627,True,通过,Window_2025,Price-Volume
CNTP60,1.0,0.0,0.0,0.28748,True,通过,Window_2025,Price-Volume
CNTN5,1.0,0.0,0.0084,0.271816,True,通过,Window_2025,Price-Volume
CNTN10,1.0,0.0,0.0,0.281538,True,通过,Window_2025,Price-Volume
CNTN20,1.0,0.0,0.0,0.285146,True,通过,Window_2025,Price-Volume
CNTN30,1.0,0.0,0.0,0.286393,True,通过,Window_2025,Price-Volume
CNTN60,1.0,0.0,0.0,0.287616,True,通过,Window_2025,Price-Volume
CNTD5,1.0,0.0,0.0063,0.277922,True,通过,Window_2025,Price-Volume
CNTD10,1.0,0.0,0.0,0.284985,True,通过,Window_2025,Price-Volume
CNTD20,1.0,0.0,0.0,0.287251,True,通过,Window_2025,Price-Volume
CNTD30,1.0,0.0,0.0,0.287842,True,通过,Window_2025,Price-Volume
CNTD60,1.0,0.0,0.0,0.288305,True,通过,Window_2025,Price-Volume
SUMP5,1.0,0.0,0.0,0.288497,True,通过,Window_2025,Price-Volume
SUMP10,1.0,0.0,0.0,0.288663,True,通过,Window_2025,Price-Volume
SUMP20,1.0,0.0,0.0,0.288675,True,通过,Window_2025,Price-Volume
SUMP30,1.0,0.0,0.0,0.288675,True,通过,Window_2025,Price-Volume
SUMP60,1.0,0.0,0.0,0.288675,True,通过,Window_2025,Price-Volume
SUMN5,1.0,0.0,0.0,0.288497,True,通过,Window_2025,Price-Volume
SUMN10,1.0,0.0,0.0,0.288663,True,通过,Window_2025,Price-Volume
SUMN20,1.0,0.0,0.0,0.288675,True,通过,Window_2025,Price-Volume
SUMN30,1.0,0.0,0.0,0.288675,True,通过,Window_2025,Price-Volume
SUMN60,1.0,0.0,0.0,0.288675,True,通过,Window_2025,Price-Volume
SUMD5,1.0,0.0,0.0,0.288497,True,通过,Window_2025,Price-Volume
SUMD10,1.0,0.0,0.0,0.288663,True,通过,Window_2025,Price-Volume
SUMD20,1.0,0.0,0.0,0.288675,True,通过,Window_2025,Price-Volume
SUMD30,1.0,0.0,0.0,0.288675,True,通过,Window_2025,Price-Volume
SUMD60,1.0,0.0,0.0,0.288675,True,通过,Window_2025,Price-Volume
VMA5,1.0,0.0,0.002,0.288061,True,通过,Window_2025,Price-Volume
VMA10,1.0,0.0,0.002,0.288061,True,通过,Window_2025,Price-Volume
VMA20,1.0,0.0,0.002,0.28806,True,通过,Window_2025,Price-Volume
VMA30,1.0,0.0,0.002,0.28806,True,通过,Window_2025,Price-Volume
VMA60,1.0,0.0,0.002,0.288059,True,通过,Window_2025,Price-Volume
VSTD5,1.0,0.0,0.0,0.28803,True,通过,Window_2025,Price-Volume
VSTD10,1.0,0.0,0.0,0.288018,True,通过,Window_2025,Price-Volume
VSTD20,1.0,0.0,0.0,0.288025,True,通过,Window_2025,Price-Volume
VSTD30,1.0,0.0,0.0,0.288025,True,通过,Window_2025,Price-Volume
VSTD60,1.0,0.0,0.0,0.288021,True,通过,Window_2025,Price-Volume
WVMA5,1.0,0.0,0.0,0.288634,True,通过,Window_2025,Price-Volume
WVMA10,1.0,0.0,0.0,0.288652,True,通过,Window_2025,Price-Volume
WVMA20,1.0,0.0,0.0,0.288666,True,通过,Window_2025,Price-Volume
WVMA30,1.0,0.0,0.0,0.288665,True,通过,Window_2025,Price-Volume
WVMA60,1.0,0.0,0.0,0.288664,True,通过,Window_2025,Price-Volume
VSUMP5,1.0,0.0,0.0,0.28865,True,通过,Window_2025,Price-Volume
VSUMP10,1.0,0.0,0.0,0.288659,True,通过,Window_2025,Price-Volume
VSUMP20,1.0,0.0,0.0,0.288665,True,通过,Window_2025,Price-Volume
VSUMP30,1.0,0.0,0.0,0.288663,True,通过,Window_2025,Price-Volume
VSUMP60,1.0,0.0,0.0,0.28866,True,通过,Window_2025,Price-Volume
VSUMN5,1.0,0.0,0.0,0.28865,True,通过,Window_2025,Price-Volume
VSUMN10,1.0,0.0,0.0,0.288659,True,通过,Window_2025,Price-Volume
VSUMN20,1.0,0.0,0.0,0.288665,True,通过,Window_2025,Price-Volume
VSUMN30,1.0,0.0,0.0,0.288663,True,通过,Window_2025,Price-Volume
VSUMN60,1.0,0.0,0.0,0.28866,True,通过,Window_2025,Price-Volume
VSUMD5,1.0,0.0,0.0,0.28865,True,通过,Window_2025,Price-Volume
VSUMD10,1.0,0.0,0.0,0.288659,True,通过,Window_2025,Price-Volume
VSUMD20,1.0,0.0,0.0,0.288665,True,通过,Window_2025,Price-Volume
VSUMD30,1.0,0.0,0.0,0.288663,True,通过,Window_2025,Price-Volume
VSUMD60,1.0,0.0,0.0,0.28866,True,通过,Window_2025,Price-Volume
Alpha3,1.0,0.0,0.0,0.288333,True,通过,Window_2025,Price-Volume
Alpha4,1.0,0.0,0.3773,0.011744,True,通过,Window_2025,Price-Volume
Alpha11,1.0,0.0,0.0,0.2883,True,通过,Window_2025,Price-Volume
Alpha14,1.0,0.0,0.0,0.285281,True,通过,Window_2025,Price-Volume
Alpha15,1.0,0.0,0.0,0.287124,True,通过,Window_2025,Price-Volume
Alpha18,1.0,0.0,0.0,0.285603,True,通过,Window_2025,Price-Volume
Alpha19,1.0,0.0,0.0,0.285606,True,通过,Window_2025,Price-Volume
Alpha20,1.0,0.0,0.0,0.284985,True,通过,Window_2025,Price-Volume
Alpha29,1.0,0.0,0.0,0.284665,True,通过,Window_2025,Price-Volume
Alpha31,1.0,0.0,0.002,0.288052,True,通过,Window_2025,Price-Volume
Alpha34,1.0,0.0,0.002,0.288054,True,通过,Window_2025,Price-Volume
Alpha38,1.0,0.0,0.2208,0.176332,True,通过,Window_2025,Price-Volume
Alpha40,1.0,0.0,0.0,0.287237,True,通过,Window_2025,Price-Volume
Alpha46,1.0,0.0,0.002,0.288054,True,通过,Window_2025,Price-Volume
Alpha53,1.0,0.0,0.0159,0.00017,True,通过,Window_2025,Price-Volume
Alpha58,1.0,0.0,0.0159,0.00017,True,通过,Window_2025,Price-Volume
Alpha65,1.0,0.0,0.002,0.288051,True,通过,Window_2025,Price-Volume
Alpha66,1.0,0.0,0.002,0.288049,True,通过,Window_2025,Price-Volume
Alpha70,1.0,0.0,0.0,0.287706,True,通过,Window_2025,Price-Volume
Alpha71,1.0,0.0,0.002,0.288054,True,通过,Window_2025,Price-Volume
Alpha75,1.0,0.0,0.0159,0.00017,True,通过,Window_2025,Price-Volume
Alpha76,1.0,0.0,0.0,0.288673,True,通过,Window_2025,Price-Volume
Alpha80,1.0,0.0,0.0,0.285575,True,通过,Window_2025,Price-Volume
Alpha86,1.0,0.0,0.1841,0.200986,True,通过,Window_2025,Price-Volume
Alpha88,1.0,0.0,0.0,0.276283,True,通过,Window_2025,Price-Volume
Alpha95,1.0,0.0,0.0,0.28783,True,通过,Window_2025,Price-Volume
Alpha97,1.0,0.0,0.0,0.287794,True,通过,Window_2025,Price-Volume
Alpha100,1.0,0.0,0.0,0.287826,True,通过,Window_2025,Price-Volume
Alpha106,1.0,0.0,0.0,0.275992,True,通过,Window_2025,Price-Volume
Alpha112,1.0,0.0,0.0,0.288674,True,通过,Window_2025,Price-Volume
Alpha118,1.0,0.0,0.0,0.288602,True,通过,Window_2025,Price-Volume
Alpha126,1.0,0.0,0.0,0.288413,True,通过,Window_2025,Price-Volume
Alpha128,1.0,0.0,0.0,0.286673,True,通过,Window_2025,Price-Volume
Alpha129,1.0,0.0,0.002,0.287226,True,通过,Window_2025,Price-Volume
Alpha132,1.0,0.0,0.0,0.288444,True,通过,Window_2025,Price-Volume
Alpha134,1.0,0.0,0.0,0.280984,True,通过,Window_2025,Price-Volume
Alpha139,1.0,0.0,0.0001,0.287454,True,通过,Window_2025,Price-Volume
Alpha145,1.0,0.0,0.0126,0.283134,True,通过,Window_2025,Price-Volume
Alpha150,1.0,0.0,0.0,0.288378,True,通过,Window_2025,Price-Volume
Alpha153,1.0,0.0,0.0,0.288412,True,通过,Window_2025,Price-Volume
Alpha167,1.0,0.0,0.0041,0.287188,True,通过,Window_2025,Price-Volume
Alpha168,1.0,0.0,0.002,0.288331,True,通过,Window_2025,Price-Volume
Alpha178,1.0,0.0,0.0,0.287669,True,通过,Window_2025,Price-Volume
Alpha189,1.0,0.0,0.0,0.28814,True,通过,Window_2025,Price-Volume
Alpha191,1.0,0.0,0.0,0.288572,True,通过,Window_2025,Price-Volume
roe_ttm,1.0,0.0,0.001,0.245873,True,通过,Window_2025,Quality
roa_ttm,1.0,0.0,0.001,0.245829,True,通过,Window_2025,Quality
grossprofit_margin,1.0,0.0,0.001,0.245851,True,通过,Window_2025,Quality
netprofit_margin,1.0,0.0,0.001,0.24587,True,通过,Window_2025,Quality
debt_to_assets,1.0,0.0,0.001,0.245893,True,通过,Window_2025,Quality
current_ratio,1.0,0.0,0.001,0.245812,True,通过,Window_2025,Quality
inv_turn,1.0,0.0,0.001,0.245603,True,通过,Window_2025,Quality
ocf_to_netprofit,1.0,0.0,0.001,0.245724,True,通过,Window_2025,Quality
STR_20d,1.0,0.0,0.0,0.288651,True,通过,Window_2025,Reversal
STR_5d,1.0,0.0,0.0,0.288647,True,通过,Window_2025,Reversal
LTR_12m,1.0,0.0,0.0,0.288097,True,通过,Window_2025,Reversal
VOL_REV,1.0,0.0,0.0,0.288658,True,通过,Window_2025,Reversal
EXTREME_REV,1.0,0.0,0.3795,5.9e-05,True,通过,Window_2025,Reversal
short_reversal,1.0,0.0,0.0,0.285603,True,通过,Window_2025,Reversal
illiquidity_amihud,1.0,0.0,0.0,0.288622,True,通过,Window_2025,Size & Liquidity
total_mv_log,1.0,0.0,0.0,0.288659,True,通过,Window_2025,Size & Liquidity
volume_surge,1.0,0.0,0.0,0.288638,True,通过,Window_2025,Size & Liquidity
volatility_1m,1.0,0.0,0.0,0.287442,True,通过,Window_2025,Volatility & Risk
beta,1.0,0.0,0.0,0.288659,True,通过,Window_2025,Volatility & Risk
shareholder_change,1.0,0.0,0.0313,0.127766,True,通过,Window_2025,Volatility & Risk
pledge_ratio,1.0,0.0,0.0008,0.22075,True,通过,Window_2025,Volatility & Risk
