category,factor_name,selected,direction,direction_consistency,composite_score,n_windows_selected,total_windows,earliest_selected_window,meaning,source_file
Growth,netprofit_yoy,False,,,0.4985,1,3,Window_2025,归母净利润同比增长率。反映公司业绩的扩张速度。,quality_factors
Growth,basic_eps_yoy,False,,,0.4525,2,3,Window_2023,基本每股收益同比增长率。综合反映盈利与股本扩张后的实际回报增长。,quality_factors
Growth,tr_yoy,False,,,0.384,0,3,,营业总收入同比增长率。反映公司业务规模的扩张速度。,quality_factors
Growth,eps_forecast_yoy,False,,,0.0,0,3,,预期净利润增速（eps_last 缺失，改用 eps 替代）,sentiment_factors
Momentum,long_momentum,True,-1.0,1.0,0.5823,2,3,Window_2024,60日收益率。中期动量因子，筛选出中期处于上升通道的股票。,price_volume_factors
Momentum,ma_cross_5_20,False,-1.0,1.0,0.4521,2,3,Window_2023,5日均线与20日均线的偏离度（双均线交叉代理）。,price_volume_factors
Momentum,MOM_skip1m,False,,,0.4928,0,3,,过去1年收益率（跳过最近20天），避免短期反转干扰,reversal_momentum_factors
Momentum,MOM_6m,False,,,0.4544,1,3,Window_2024,过去6个月收益率，捕捉中期动量效应,reversal_momentum_factors
Momentum,momentum_1m,False,,,0.4523,1,3,Window_2025,过去20个交易日的收益率（月度动量）。,price_volume_factors
Momentum,IND_NEUT_MOM,False,,,0.3543,1,3,Window_2024,在申万一级行业内做Z-score标准化的6个月动量,reversal_momentum_factors
Momentum,MOM_ACCEL,False,,,0.3517,1,3,Window_2023,近期3个月动量减去过去6个月动量，衡量动量加速度,reversal_momentum_factors
Momentum,MOM_12m,False,,,0.296,0,3,,过去1年收益率，捕捉长期动量效应,reversal_momentum_factors
Price-Volume,Alpha150,True,-1.0,1.0,0.7033,3,3,Window_2023,"【原始公式】
(CLOSE+HIGH+LOW)/3*VOLUME

【核心含义】
国泰君安191因子体系中的 Alpha150 因子。具体业务含义参考原始研报公式解析。",price_volume_factors
Price-Volume,Alpha167,True,-1.0,1.0,0.5579,3,3,Window_2023,"【原始公式】
SUM((CLOSE-DELAY(CLOSE,1)>0?CLOSE-DELAY(CLOSE,1):0),12

【核心含义】
国泰君安191因子体系中的 Alpha167 因子。具体业务含义参考原始研报公式解析。",price_volume_factors
Price-Volume,Alpha70,False,-1.0,1.0,0.5335,3,3,Window_2023,"【原始公式】
STD(AMOUNT,6)

【核心含义】
国泰君安191因子体系中的 Alpha70 因子。具体业务含义参考原始研报公式解析。",price_volume_factors
Price-Volume,QTLD60,True,1.0,1.0,0.4814,3,3,Window_2023,"【核心含义】
区间下分位数 (Quantile Down)：过去60天价格的20%分位数相对当前价格的比值。类似布林带下轨概念。

【运行原理】
分位数排序：在设定的N天时间窗口内，将所有交易日的收盘价从小到大进行排列；
低位分位提取：提取位于 20% 分位点(0.2)的收盘价，作为该区间的“稳健支撑位”（剔除了极端的单日最低价干扰）；
归一化处理：将该20%分位价格除以当前的最新收盘价；
下行空间评估：用于衡量当前价格距离近期筹码低位密集区的距离，评估向下回调的潜在缓冲空间。",price_volume_factors
Price-Volume,KLEN,True,-1.0,1.0,0.4701,3,3,Window_2023,"【核心含义】
K线全长比例：衡量日内最高价与最低价之间的整体波动幅度，反映日内整体的交易活跃度与分歧。

【运行原理】
日内振幅提取：获取当日的最高价(high)和最低价(low)，两者的差值即为全天价格的最大波动区间；
基准标定：获取当日的开盘价(open)作为日内波动的基准参考；
无量纲化：将全天波动区间除以开盘价；
波动率刻画：结果反映了单日内多空双方交战的激烈程度，数值越大说明日内分歧和洗盘越剧烈。",price_volume_factors
Price-Volume,Alpha129,False,-1.0,1.0,0.4616,2,3,Window_2024,"【原始公式】
SUM((CLOSE-DELAY(CLOSE,1)\<0?ABS(CLOSE-DELAY(CLOSE,1)):0),12)

【核心含义】
国泰君安191因子体系中的 Alpha129 因子。具体业务含义参考原始研报公式解析。",price_volume_factors
Price-Volume,Alpha189,False,-1.0,1.0,0.4473,2,3,Window_2024,"【原始公式】
MEAN(ABS(CLOSE-MEAN(CLOSE,6)),6)

【核心含义】
国泰君安191因子体系中的 Alpha189 因子。具体业务含义参考原始研报公式解析。",price_volume_factors
Price-Volume,ROC60,False,1.0,1.0,0.4444,2,3,Window_2024,"【核心含义】
收益率 (Rate of Change)：过去60天的价格变动率。反映股票在60天内的动量或反转特性。

【运行原理】
基准定位：在设定的N天时间窗口中，精确定位到窗口最左侧（期初）的收盘价；
价格比对：获取窗口最右侧（当前）的最新收盘价；
变动换算：计算当前价格相对于期初价格的比值，或计算两者的差值后再除以期初价格；
动量输出：直接刻画该时间区间内整体的价格涨跌幅（动量效应），窗口逐日滑动，实时输出最新收益率。",price_volume_factors
Price-Volume,MIN60,False,1.0,1.0,0.4441,3,3,Window_2023,"【核心含义】
区间最低价相对值 (Min)：过去60天的最低价相对当前价格的比值。反映当前价格距离前期低点的距离（支撑位）。

【运行原理】
极值扫描：在设定的N天滑动窗口内，遍历每一天的最低价；
谷值提取：找出这N天中的全局最低价(Min)，即近期的支撑位；
支撑位归一化：将提取出的历史最低价除以当前的最新收盘价；
破底距离刻画：数值反映了当前价格距离近期前低的空间。数值越接近1，说明面临破位风险；数值越小（离1越远），说明已经大幅反弹脱离底部。",price_volume_factors
Price-Volume,STD5,True,-1.0,1.0,0.4242,3,3,Window_2023,"【核心含义】
价格波动率 (Standard Deviation)：过去5天价格的相对标准差。衡量股票在该窗口期内的波动风险和活跃度。

【运行原理】
波动离散：在N天的滑动窗口内，计算每日收盘价序列的总体标准差(Std)，衡量价格分布的离散程度；
波动率归一化：将计算出的绝对标准差除以当前的最新收盘价；
风险刻画：将绝对的金额波动转化为相对的百分比波动率，数值越大说明近期走势越剧烈（风险与弹性高），数值越小说明走势越趋于横盘死水。",price_volume_factors
Price-Volume,STD10,True,-1.0,1.0,0.4203,3,3,Window_2023,"【核心含义】
价格波动率 (Standard Deviation)：过去10天价格的相对标准差。衡量股票在该窗口期内的波动风险和活跃度。

【运行原理】
波动离散：在N天的滑动窗口内，计算每日收盘价序列的总体标准差(Std)，衡量价格分布的离散程度；
波动率归一化：将计算出的绝对标准差除以当前的最新收盘价；
风险刻画：将绝对的金额波动转化为相对的百分比波动率，数值越大说明近期走势越剧烈（风险与弹性高），数值越小说明走势越趋于横盘死水。",price_volume_factors
Price-Volume,STD20,False,-1.0,1.0,0.4153,3,3,Window_2023,"【核心含义】
价格波动率 (Standard Deviation)：过去20天价格的相对标准差。衡量股票在该窗口期内的波动风险和活跃度。

【运行原理】
波动离散：在N天的滑动窗口内，计算每日收盘价序列的总体标准差(Std)，衡量价格分布的离散程度；
波动率归一化：将计算出的绝对标准差除以当前的最新收盘价；
风险刻画：将绝对的金额波动转化为相对的百分比波动率，数值越大说明近期走势越剧烈（风险与弹性高），数值越小说明走势越趋于横盘死水。",price_volume_factors
Price-Volume,ROC30,False,1.0,1.0,0.4131,3,3,Window_2023,"【核心含义】
收益率 (Rate of Change)：过去30天的价格变动率。反映股票在30天内的动量或反转特性。

【运行原理】
基准定位：在设定的N天时间窗口中，精确定位到窗口最左侧（期初）的收盘价；
价格比对：获取窗口最右侧（当前）的最新收盘价；
变动换算：计算当前价格相对于期初价格的比值，或计算两者的差值后再除以期初价格；
动量输出：直接刻画该时间区间内整体的价格涨跌幅（动量效应），窗口逐日滑动，实时输出最新收益率。",price_volume_factors
Price-Volume,IMIN60,False,1.0,1.0,0.4121,2,3,Window_2024,"【核心含义】
最低价距离天数 (Index of Min)：过去60天中最低价发生在那一天。反映低点的时效性。

【运行原理】
极值寻址：在N天滑动窗口内，扫描每日最低价，定位到最小值出现的那一天；
索引提取：获取该最小值距离窗口起始位置的时间索引(IdxMin)；
时间归一化：将索引值除以窗口总长度N，转换为0到1之间的相对时间比例；
见底时间评估：数值越大说明近期刚刚创出新低，抛压仍在释放；数值越小说明低点发生在窗口初期，目前可能已企稳反弹。",price_volume_factors
Price-Volume,QTLD30,False,1.0,1.0,0.4115,3,3,Window_2023,"【核心含义】
区间下分位数 (Quantile Down)：过去30天价格的20%分位数相对当前价格的比值。类似布林带下轨概念。

【运行原理】
分位数排序：在设定的N天时间窗口内，将所有交易日的收盘价从小到大进行排列；
低位分位提取：提取位于 20% 分位点(0.2)的收盘价，作为该区间的“稳健支撑位”（剔除了极端的单日最低价干扰）；
归一化处理：将该20%分位价格除以当前的最新收盘价；
下行空间评估：用于衡量当前价格距离近期筹码低位密集区的距离，评估向下回调的潜在缓冲空间。",price_volume_factors
Price-Volume,IMAX30,False,-1.0,1.0,0.4077,3,3,Window_2023,"【核心含义】
最高价距离天数 (Index of Max)：过去30天中最高价发生在那一天（距离当前的倒数天数）。反映高点的时效性。

【运行原理】
极值寻址：在设定的N天时间窗口内，扫描每日的最高价，定位到最大值出现的那一天；
索引提取：获取该最大值所在天数距离当前窗口起始点的索引位置(IdxMax)；
时间归一化：将该位置索引除以窗口总长度N；
动能衰减评估：结果越接近1，说明创出新高的时间越近（近期动能强）；越接近0，说明高点在窗口早期，当前处于长期回调中。",price_volume_factors
Price-Volume,CORD30,True,-1.0,1.0,0.406,3,3,Window_2023,"【核心含义】
量价收益率相关性 (Corr of Return/Volume)：过去30天价格收益率与成交量的相关系数。衡量上涨是否伴随放量。

【运行原理】
变化率提取：在设定时间窗口内，分别计算出每日的“价格收益率”(当日收盘/昨日收盘) 和“对数成交量变化率”(Log(当日成交量/昨日成交量+1))；
序列配对：将这两个时间序列组成配对样本；
相关性计算：计算这两个序列在N天内的皮尔逊(Pearson)相关系数；
量价剖析：结果介于-1到1之间，正值代表量价齐升/缩量下跌，负值代表放量下跌/缩量上涨，用于洞察资金推动价格的真实效率。",price_volume_factors
Price-Volume,IMXD30,False,-1.0,1.0,0.3982,3,3,Window_2023,"【核心含义】
高低点极值距离 (Index Distance)：过去30天内最高价和最低价发生天数的差值。反映趋势的运行节奏和周期。

【运行原理】
高点寻址：在N天窗口内找到最高价所在的时间索引(IdxMax)；
低点寻址：在同一窗口内找到最低价所在的时间索引(IdxMin)；
时差计算：将高点索引减去低点索引，得出极值点之间的时间跨度；
跨度归一化：将时间跨度除以窗口长度N；
趋势形态判定：正值表示“先见底后见顶”（上升趋势），负值表示“先见顶后见底”（下降趋势），绝对值大小代表趋势持续的时间跨度。",price_volume_factors
Price-Volume,MIN5,True,1.0,1.0,0.398,3,3,Window_2023,"【核心含义】
区间最低价相对值 (Min)：过去5天的最低价相对当前价格的比值。反映当前价格距离前期低点的距离（支撑位）。

【运行原理】
极值扫描：在设定的N天滑动窗口内，遍历每一天的最低价；
谷值提取：找出这N天中的全局最低价(Min)，即近期的支撑位；
支撑位归一化：将提取出的历史最低价除以当前的最新收盘价；
破底距离刻画：数值反映了当前价格距离近期前低的空间。数值越接近1，说明面临破位风险；数值越小（离1越远），说明已经大幅反弹脱离底部。",price_volume_factors
Price-Volume,BETA30,False,-1.0,1.0,0.3949,3,3,Window_2023,"【核心含义】
价格趋势斜率 (Beta/Slope)：过去30天价格序列对时间的线性回归斜率。代表价格的上涨或下跌趋势强度。

【运行原理】
数据读取：按设定的时间窗口（如5天）提取标的资产的每日收盘价序列；
线性拟合：将时间序列作为自变量，收盘价作为因变量，进行普通最小二乘法(OLS)线性回归；
斜率提取：获取该回归方程的斜率(Slope)，代表资产价格随时间的平均绝对增长率；
价格归一化：将提取出的斜率值除以当前的最新收盘价，将绝对变化率转化为无量纲的相对变化率，以消除不同高低价股位带来的尺度差异。",price_volume_factors
Price-Volume,MIN10,True,1.0,1.0,0.3936,3,3,Window_2023,"【核心含义】
区间最低价相对值 (Min)：过去10天的最低价相对当前价格的比值。反映当前价格距离前期低点的距离（支撑位）。

【运行原理】
极值扫描：在设定的N天滑动窗口内，遍历每一天的最低价；
谷值提取：找出这N天中的全局最低价(Min)，即近期的支撑位；
支撑位归一化：将提取出的历史最低价除以当前的最新收盘价；
破底距离刻画：数值反映了当前价格距离近期前低的空间。数值越接近1，说明面临破位风险；数值越小（离1越远），说明已经大幅反弹脱离底部。",price_volume_factors
Price-Volume,LOW0,True,1.0,1.0,0.3931,3,3,Window_2023,"【核心含义】
相对收盘的最低价：衡量今日最低价相对于最新收盘价的位置，反映日内低点反弹的幅度。

【运行原理】
数据截取：仅获取当前单个交易日的最低价(low)和收盘价(close)；
相对换算：将当日最低价直接除以当日收盘价；
折价刻画：结果必然小于或等于1，数值越小，说明日内曾经深度下探但最终被强力拉回，反映出下方承接盘的厚度（长下影线的变体表达）。",price_volume_factors
Price-Volume,CORD60,True,-1.0,1.0,0.3928,3,3,Window_2023,"【核心含义】
量价收益率相关性 (Corr of Return/Volume)：过去60天价格收益率与成交量的相关系数。衡量上涨是否伴随放量。

【运行原理】
变化率提取：在设定时间窗口内，分别计算出每日的“价格收益率”(当日收盘/昨日收盘) 和“对数成交量变化率”(Log(当日成交量/昨日成交量+1))；
序列配对：将这两个时间序列组成配对样本；
相关性计算：计算这两个序列在N天内的皮尔逊(Pearson)相关系数；
量价剖析：结果介于-1到1之间，正值代表量价齐升/缩量下跌，负值代表放量下跌/缩量上涨，用于洞察资金推动价格的真实效率。",price_volume_factors
Price-Volume,IMIN30,False,1.0,1.0,0.3919,3,3,Window_2023,"【核心含义】
最低价距离天数 (Index of Min)：过去30天中最低价发生在那一天。反映低点的时效性。

【运行原理】
极值寻址：在N天滑动窗口内，扫描每日最低价，定位到最小值出现的那一天；
索引提取：获取该最小值距离窗口起始位置的时间索引(IdxMin)；
时间归一化：将索引值除以窗口总长度N，转换为0到1之间的相对时间比例；
见底时间评估：数值越大说明近期刚刚创出新低，抛压仍在释放；数值越小说明低点发生在窗口初期，目前可能已企稳反弹。",price_volume_factors
Price-Volume,CORR30,True,-1.0,1.0,0.3915,3,3,Window_2023,"【核心含义】
量价相关性 (Correlation)：过去30天价格与成交量的相关系数。反映'量增价涨'或'量缩价跌'等量价配合关系的紧密程度。

【运行原理】
序列提取：在设定的N天滑动窗口内，同步截取每日的收盘价序列与成交量序列；
相关性计算：直接对这两个原始绝对值序列计算皮尔逊相关系数(Pearson Correlation)；
状态输出：生成-1到1之间的系数，无需去均值或对数化，用于最直观地评估当前区间内价格高低与成交量大小之间的线性同步程度。",price_volume_factors
Price-Volume,STD30,False,-1.0,1.0,0.3879,2,3,Window_2024,"【核心含义】
价格波动率 (Standard Deviation)：过去30天价格的相对标准差。衡量股票在该窗口期内的波动风险和活跃度。

【运行原理】
波动离散：在N天的滑动窗口内，计算每日收盘价序列的总体标准差(Std)，衡量价格分布的离散程度；
波动率归一化：将计算出的绝对标准差除以当前的最新收盘价；
风险刻画：将绝对的金额波动转化为相对的百分比波动率，数值越大说明近期走势越剧烈（风险与弹性高），数值越小说明走势越趋于横盘死水。",price_volume_factors
Price-Volume,RANK60,False,-1.0,1.0,0.3827,3,3,Window_2023,"【核心含义】
价格相对排位 (Rank)：当前价格在过去60天价格中的百分比排位。反映当前处于近期波动区间的什么水平。

【运行原理】
数据收集：在N天的滑动窗口内，收集每日的收盘价；
截面排序：将当前的最新收盘价与窗口内历史所有收盘价进行大小比对；
分位数换算：计算当前价格在历史序列中所处的百分比排名(Rank)；
相对强弱定性：结果在0到1之间，1表示当前创出新高，0表示创出新低，用于判断当前价格在近期波动区间内的相对身位。",price_volume_factors
Price-Volume,KLOW,True,-1.0,1.0,0.3817,3,3,Window_2023,"【核心含义】
K线下影线比例：衡量实体下边缘到日内最低价的距离，反映日内空头向下试探后被多头托起的程度。

【运行原理】
形态截取：获取当日的收盘价(close)和最低价(low)；
下影线（或实体下部）计算：计算两者之间的绝对差值，代表价格从日内低点被拉回（或砸下）的空间；
比例换算：将该差值除以当日开盘价(open)进行标准化；
支撑测试：该指标用于刻画下方买盘的承接力度，数值越大说明日内探底回升的动作越明显。",price_volume_factors
Price-Volume,Alpha134,True,-1.0,1.0,0.3814,3,3,Window_2023,"【原始公式】
(CLOSE-DELAY(CLOSE,12))/DELAY(CLOSE,12)*VOLUME

【核心含义】
国泰君安191因子体系中的 Alpha134 因子。具体业务含义参考原始研报公式解析。",price_volume_factors
Price-Volume,Alpha153,False,-1.0,1.0,0.3808,2,3,Window_2024,"【原始公式】
(MEAN(CLOSE,3)+MEAN(CLOSE,6)+MEAN(CLOSE,12)+MEAN(CLOSE,24))/4

【核心含义】
国泰君安191因子体系中的 Alpha153 因子。具体业务含义参考原始研报公式解析。",price_volume_factors
Price-Volume,CORD20,True,-1.0,1.0,0.3797,3,3,Window_2023,"【核心含义】
量价收益率相关性 (Corr of Return/Volume)：过去20天价格收益率与成交量的相关系数。衡量上涨是否伴随放量。

【运行原理】
变化率提取：在设定时间窗口内，分别计算出每日的“价格收益率”(当日收盘/昨日收盘) 和“对数成交量变化率”(Log(当日成交量/昨日成交量+1))；
序列配对：将这两个时间序列组成配对样本；
相关性计算：计算这两个序列在N天内的皮尔逊(Pearson)相关系数；
量价剖析：结果介于-1到1之间，正值代表量价齐升/缩量下跌，负值代表放量下跌/缩量上涨，用于洞察资金推动价格的真实效率。",price_volume_factors
Price-Volume,CORR10,True,-1.0,1.0,0.3765,3,3,Window_2023,"【核心含义】
量价相关性 (Correlation)：过去10天价格与成交量的相关系数。反映'量增价涨'或'量缩价跌'等量价配合关系的紧密程度。

【运行原理】
序列提取：在设定的N天滑动窗口内，同步截取每日的收盘价序列与成交量序列；
相关性计算：直接对这两个原始绝对值序列计算皮尔逊相关系数(Pearson Correlation)；
状态输出：生成-1到1之间的系数，无需去均值或对数化，用于最直观地评估当前区间内价格高低与成交量大小之间的线性同步程度。",price_volume_factors
Price-Volume,KUP,True,-1.0,1.0,0.3732,3,3,Window_2023,"【核心含义】
K线上影线比例：衡量日内最高价到实体上边缘的距离，反映日内多头向上试探后被空头打压的程度。

【运行原理】
形态截取：获取单日的最高价(high)与收盘价(close)；
上影线（或实体上部）计算：计算最高价与收盘价之差，代表多头冲高后被空头打压回落的空间；
比例换算：将回落空间除以当日开盘价(open)进行标准化；
抛压测试：数值越大，说明日内冲高回落的阻力越强，上方套牢盘或抛压越重。",price_volume_factors
Price-Volume,IMXD60,False,-1.0,1.0,0.3692,2,3,Window_2023,"【核心含义】
高低点极值距离 (Index Distance)：过去60天内最高价和最低价发生天数的差值。反映趋势的运行节奏和周期。

【运行原理】
高点寻址：在N天窗口内找到最高价所在的时间索引(IdxMax)；
低点寻址：在同一窗口内找到最低价所在的时间索引(IdxMin)；
时差计算：将高点索引减去低点索引，得出极值点之间的时间跨度；
跨度归一化：将时间跨度除以窗口长度N；
趋势形态判定：正值表示“先见底后见顶”（上升趋势），负值表示“先见顶后见底”（下降趋势），绝对值大小代表趋势持续的时间跨度。",price_volume_factors
Price-Volume,MAX5,True,-1.0,1.0,0.3675,3,3,Window_2023,"【核心含义】
区间最高价相对值 (Max)：过去5天的最高价相对当前价格的比值。反映当前价格距离前期高点的距离（阻力位）。

【运行原理】
极值扫描：在设定的N天滑动窗口内，遍历每一天的最高价；
峰值提取：找出这N天中的全局最高价(Max)；
压力位归一化：将提取出的历史最高价除以当前的最新收盘价；
破顶距离刻画：数值反映了当前价格距离近期前高的空间。数值越接近1，说明越有突破前高的可能；数值越大，说明距离前高越远，处于深幅回调中。",price_volume_factors
Price-Volume,HIGH0,True,-1.0,1.0,0.3617,3,3,Window_2023,"【核心含义】
相对收盘的最高价：衡量今日最高价相对于最新收盘价的位置，反映日内高点回落的幅度。

【运行原理】
数据截取：仅获取当前单个交易日的最高价(high)和收盘价(close)；
相对换算：将当日最高价直接除以当日收盘价；
溢价刻画：结果必然大于或等于1，数值越大，说明日内曾经冲高但最终回落的幅度越深，反映出上方抛压的沉重程度（即长上影线的变体表达）。",price_volume_factors
Price-Volume,Alpha40,False,-1.0,1.0,0.3593,3,3,Window_2023,"【原始公式】
SUM((CLOSE>DELAY(CLOSE,1)?VOLUME:0),26)/SUM((CLOSE<=DELAY(CLOSE,1)?VOLUME:0),26)*100

【核心含义】
国泰君安191因子体系中的 Alpha40 因子。具体业务含义参考原始研报公式解析。",price_volume_factors
Price-Volume,BETA20,True,-1.0,1.0,0.3573,3,3,Window_2023,"【核心含义】
价格趋势斜率 (Beta/Slope)：过去20天价格序列对时间的线性回归斜率。代表价格的上涨或下跌趋势强度。

【运行原理】
数据读取：按设定的时间窗口（如5天）提取标的资产的每日收盘价序列；
线性拟合：将时间序列作为自变量，收盘价作为因变量，进行普通最小二乘法(OLS)线性回归；
斜率提取：获取该回归方程的斜率(Slope)，代表资产价格随时间的平均绝对增长率；
价格归一化：将提取出的斜率值除以当前的最新收盘价，将绝对变化率转化为无量纲的相对变化率，以消除不同高低价股位带来的尺度差异。",price_volume_factors
Price-Volume,CORR5,True,-1.0,1.0,0.3557,3,3,Window_2023,"【核心含义】
量价相关性 (Correlation)：过去5天价格与成交量的相关系数。反映'量增价涨'或'量缩价跌'等量价配合关系的紧密程度。

【运行原理】
序列提取：在设定的N天滑动窗口内，同步截取每日的收盘价序列与成交量序列；
相关性计算：直接对这两个原始绝对值序列计算皮尔逊相关系数(Pearson Correlation)；
状态输出：生成-1到1之间的系数，无需去均值或对数化，用于最直观地评估当前区间内价格高低与成交量大小之间的线性同步程度。",price_volume_factors
Price-Volume,STD60,False,-1.0,1.0,0.3527,2,3,Window_2024,"【核心含义】
价格波动率 (Standard Deviation)：过去60天价格的相对标准差。衡量股票在该窗口期内的波动风险和活跃度。

【运行原理】
波动离散：在N天的滑动窗口内，计算每日收盘价序列的总体标准差(Std)，衡量价格分布的离散程度；
波动率归一化：将计算出的绝对标准差除以当前的最新收盘价；
风险刻画：将绝对的金额波动转化为相对的百分比波动率，数值越大说明近期走势越剧烈（风险与弹性高），数值越小说明走势越趋于横盘死水。",price_volume_factors
Price-Volume,Alpha100,True,-1.0,1.0,0.349,2,3,Window_2023,"【原始公式】
STD(VOLUME,20)

【核心含义】
国泰君安191因子体系中的 Alpha100 因子。具体业务含义参考原始研报公式解析。",price_volume_factors
Price-Volume,CORD10,True,-1.0,1.0,0.3482,3,3,Window_2023,"【核心含义】
量价收益率相关性 (Corr of Return/Volume)：过去10天价格收益率与成交量的相关系数。衡量上涨是否伴随放量。

【运行原理】
变化率提取：在设定时间窗口内，分别计算出每日的“价格收益率”(当日收盘/昨日收盘) 和“对数成交量变化率”(Log(当日成交量/昨日成交量+1))；
序列配对：将这两个时间序列组成配对样本；
相关性计算：计算这两个序列在N天内的皮尔逊(Pearson)相关系数；
量价剖析：结果介于-1到1之间，正值代表量价齐升/缩量下跌，负值代表放量下跌/缩量上涨，用于洞察资金推动价格的真实效率。",price_volume_factors
Price-Volume,SUMN60,False,1.0,1.0,0.3474,2,3,Window_2023,"【核心含义】
负收益绝对值占比 (Sum Negative)：过去60天中所有负收益之和占总绝对收益的比例。反映空头砸盘的绝对力量。

【运行原理】
空头剥离：在N天的滑动窗口内，逐日比对收盘价，仅提取出下跌交易日（今日收盘<昨日收盘）的下跌绝对点数；
空头动能累加：将这N天内的所有下跌点数进行求和；
基准归一化：将空头总动能除以这N天内所有价格变化（无论涨跌）的绝对值总和；
空方势能评估：结果在0到1之间，数值越大说明区间内空头杀跌的力度在总波动中占据绝对主导。",price_volume_factors
Price-Volume,IMAX60,False,-1.0,1.0,0.341,2,3,Window_2023,"【核心含义】
最高价距离天数 (Index of Max)：过去60天中最高价发生在那一天（距离当前的倒数天数）。反映高点的时效性。

【运行原理】
极值寻址：在设定的N天时间窗口内，扫描每日的最高价，定位到最大值出现的那一天；
索引提取：获取该最大值所在天数距离当前窗口起始点的索引位置(IdxMax)；
时间归一化：将该位置索引除以窗口总长度N；
动能衰减评估：结果越接近1，说明创出新高的时间越近（近期动能强）；越接近0，说明高点在窗口早期，当前处于长期回调中。",price_volume_factors
Price-Volume,CORR20,True,-1.0,1.0,0.3382,2,3,Window_2023,"【核心含义】
量价相关性 (Correlation)：过去20天价格与成交量的相关系数。反映'量增价涨'或'量缩价跌'等量价配合关系的紧密程度。

【运行原理】
序列提取：在设定的N天滑动窗口内，同步截取每日的收盘价序列与成交量序列；
相关性计算：直接对这两个原始绝对值序列计算皮尔逊相关系数(Pearson Correlation)；
状态输出：生成-1到1之间的系数，无需去均值或对数化，用于最直观地评估当前区间内价格高低与成交量大小之间的线性同步程度。",price_volume_factors
Price-Volume,QTLU60,False,1.0,1.0,0.3376,2,3,Window_2023,"【核心含义】
区间上分位数 (Quantile Up)：过去60天价格的80%分位数相对当前价格的比值。类似布林带上轨概念。

【运行原理】
分位数排序：在设定的N天时间窗口内，将所有交易日的收盘价从小到大进行排列；
高位分位提取：提取位于 80% 分位点(0.8)的收盘价，作为该区间的“稳健压力位”（剔除了极端的单日最高价干扰）；
归一化处理：将该80%分位价格除以当前的最新收盘价；
上行阻力评估：衡量当前价格距离近期筹码高位密集区的距离，评估向上突破需要克服的阻力大小。",price_volume_factors
Price-Volume,Alpha53,True,1.0,1.0,0.3321,2,3,Window_2024,"【原始公式】
COUNT(CLOSE>DELAY(CLOSE,1),12)/12*100

【核心含义】
国泰君安191因子体系中的 Alpha53 因子。具体业务含义参考原始研报公式解析。",price_volume_factors
Price-Volume,IMXD20,False,-1.0,1.0,0.3149,3,3,Window_2023,"【核心含义】
高低点极值距离 (Index Distance)：过去20天内最高价和最低价发生天数的差值。反映趋势的运行节奏和周期。

【运行原理】
高点寻址：在N天窗口内找到最高价所在的时间索引(IdxMax)；
低点寻址：在同一窗口内找到最低价所在的时间索引(IdxMin)；
时差计算：将高点索引减去低点索引，得出极值点之间的时间跨度；
跨度归一化：将时间跨度除以窗口长度N；
趋势形态判定：正值表示“先见底后见顶”（上升趋势），负值表示“先见顶后见底”（下降趋势），绝对值大小代表趋势持续的时间跨度。",price_volume_factors
Price-Volume,MAX10,True,-1.0,1.0,0.2938,2,3,Window_2024,"【核心含义】
区间最高价相对值 (Max)：过去10天的最高价相对当前价格的比值。反映当前价格距离前期高点的距离（阻力位）。

【运行原理】
极值扫描：在设定的N天滑动窗口内，遍历每一天的最高价；
峰值提取：找出这N天中的全局最高价(Max)；
压力位归一化：将提取出的历史最高价除以当前的最新收盘价；
破顶距离刻画：数值反映了当前价格距离近期前高的空间。数值越接近1，说明越有突破前高的可能；数值越大，说明距离前高越远，处于深幅回调中。",price_volume_factors
Price-Volume,MIN30,False,1.0,1.0,0.2868,2,3,Window_2023,"【核心含义】
区间最低价相对值 (Min)：过去30天的最低价相对当前价格的比值。反映当前价格距离前期低点的距离（支撑位）。

【运行原理】
极值扫描：在设定的N天滑动窗口内，遍历每一天的最低价；
谷值提取：找出这N天中的全局最低价(Min)，即近期的支撑位；
支撑位归一化：将提取出的历史最低价除以当前的最新收盘价；
破底距离刻画：数值反映了当前价格距离近期前低的空间。数值越接近1，说明面临破位风险；数值越小（离1越远），说明已经大幅反弹脱离底部。",price_volume_factors
Price-Volume,IMAX20,False,-1.0,1.0,0.286,2,3,Window_2023,"【核心含义】
最高价距离天数 (Index of Max)：过去20天中最高价发生在那一天（距离当前的倒数天数）。反映高点的时效性。

【运行原理】
极值寻址：在设定的N天时间窗口内，扫描每日的最高价，定位到最大值出现的那一天；
索引提取：获取该最大值所在天数距离当前窗口起始点的索引位置(IdxMax)；
时间归一化：将该位置索引除以窗口总长度N；
动能衰减评估：结果越接近1，说明创出新高的时间越近（近期动能强）；越接近0，说明高点在窗口早期，当前处于长期回调中。",price_volume_factors
Price-Volume,ROC10,False,1.0,1.0,0.2859,2,3,Window_2023,"【核心含义】
收益率 (Rate of Change)：过去10天的价格变动率。反映股票在10天内的动量或反转特性。

【运行原理】
基准定位：在设定的N天时间窗口中，精确定位到窗口最左侧（期初）的收盘价；
价格比对：获取窗口最右侧（当前）的最新收盘价；
变动换算：计算当前价格相对于期初价格的比值，或计算两者的差值后再除以期初价格；
动量输出：直接刻画该时间区间内整体的价格涨跌幅（动量效应），窗口逐日滑动，实时输出最新收益率。",price_volume_factors
Price-Volume,CORD5,False,-1.0,1.0,0.2744,2,3,Window_2024,"【核心含义】
量价收益率相关性 (Corr of Return/Volume)：过去5天价格收益率与成交量的相关系数。衡量上涨是否伴随放量。

【运行原理】
变化率提取：在设定时间窗口内，分别计算出每日的“价格收益率”(当日收盘/昨日收盘) 和“对数成交量变化率”(Log(当日成交量/昨日成交量+1))；
序列配对：将这两个时间序列组成配对样本；
相关性计算：计算这两个序列在N天内的皮尔逊(Pearson)相关系数；
量价剖析：结果介于-1到1之间，正值代表量价齐升/缩量下跌，负值代表放量下跌/缩量上涨，用于洞察资金推动价格的真实效率。",price_volume_factors
Price-Volume,Alpha112,False,-1.0,1.0,0.2682,2,3,Window_2023,"【原始公式】
(SUM((CLOSE-DELAY(CLOSE,1)>0?CLOSE-DELAY(CLOSE,1):0),12)-SUM((CLOSE-DELAY(CLOSE,1)\<0?ABS(CLOS E-DELAY(CLOSE,1)):0),12))/(SUM((CLOSE-DELAY(CLOSE,1)>0?CLOSE-DELAY(CLOSE,1):0),12)+SUM((CLOSE-DE LAY(CLOSE,1)\<0?ABS(CLOSE-DELAY(CLOSE,1)):0),12))*100

【核心含义】
国泰君安191因子体系中的 Alpha112 因子。具体业务含义参考原始研报公式解析。",price_volume_factors
Price-Volume,SUMN30,False,1.0,1.0,0.2669,2,3,Window_2023,"【核心含义】
负收益绝对值占比 (Sum Negative)：过去30天中所有负收益之和占总绝对收益的比例。反映空头砸盘的绝对力量。

【运行原理】
空头剥离：在N天的滑动窗口内，逐日比对收盘价，仅提取出下跌交易日（今日收盘<昨日收盘）的下跌绝对点数；
空头动能累加：将这N天内的所有下跌点数进行求和；
基准归一化：将空头总动能除以这N天内所有价格变化（无论涨跌）的绝对值总和；
空方势能评估：结果在0到1之间，数值越大说明区间内空头杀跌的力度在总波动中占据绝对主导。",price_volume_factors
Price-Volume,Alpha139,True,1.0,1.0,0.2594,2,3,Window_2023,"【原始公式】
(-1*CORR(OPEN,VOLUME,10))

【核心含义】
国泰君安191因子体系中的 Alpha139 因子。具体业务含义参考原始研报公式解析。",price_volume_factors
Price-Volume,VSTD5,True,-1.0,1.0,0.2459,2,3,Window_2024,"【核心含义】
成交量波动率 (Volume STD)：过去5天成交量的相对标准差。衡量交投活跃度的稳定性。

【运行原理】
量能波动提取：在N天的滑动窗口内，计算每日成交量序列的标准差(Std)，衡量资金参与热度的极热极冷切换频率；
波动归一化：将计算出的成交量绝对标准差除以当前的最新成交量；
筹码稳定性刻画：数值越大，说明近期时而极度缩量时而放出天量，筹码极不稳定；数值越小，说明每日成交量均匀平稳，资金运作有条短不紊。",price_volume_factors
Price-Volume,QTLD10,False,1.0,1.0,0.2408,2,3,Window_2024,"【核心含义】
区间下分位数 (Quantile Down)：过去10天价格的20%分位数相对当前价格的比值。类似布林带下轨概念。

【运行原理】
分位数排序：在设定的N天时间窗口内，将所有交易日的收盘价从小到大进行排列；
低位分位提取：提取位于 20% 分位点(0.2)的收盘价，作为该区间的“稳健支撑位”（剔除了极端的单日最低价干扰）；
归一化处理：将该20%分位价格除以当前的最新收盘价；
下行空间评估：用于衡量当前价格距离近期筹码低位密集区的距离，评估向下回调的潜在缓冲空间。",price_volume_factors
Price-Volume,VMA60,True,1.0,1.0,0.2392,2,3,Window_2024,"【核心含义】
成交量移动平均 (Volume MA)：过去60天的成交量移动平均相对当前成交量的比值。反映成交量的近期均值回归状态。

【运行原理】
成交量聚合：在设定的N天时间窗口内，收集每一天的成交量(volume)；
均量计算：对窗口内的所有成交量求简单算术平均数(Mean)，得到该周期的平均换手水平；
放缩量换算：将计算出的移动平均成交量除以当前的最新成交量（分母加极小值防报错）；
量能异动评估：结果若远小于1，说明当日剧烈放量；若大于1，说明当日缩量。用于判断当前交投活跃度相较于历史均值的异动情况。",price_volume_factors
Price-Volume,CNTP30,False,-1.0,1.0,0.2378,2,3,Window_2023,"【核心含义】
上涨天数占比 (Count Positive)：过去30天中收益率为正的天数占比。反映多头占据优势的交易日频率。

【运行原理】
涨势识别：逐日对比过去N天收盘价与前一交易日收盘价，提取出“当日收盘价 > 前日收盘价”的阳线（上涨日）并标记为1，其余为0；
概率统计：对该布尔序列在时间窗口内求均值，得出上涨交易日所占的百分比；
情绪刻画：数值越接近1，表明区间内股票连涨天数越多，市场处于强势的多头逼空状态或极度乐观情绪中。",price_volume_factors
Price-Volume,VSUMN30,True,1.0,1.0,0.2344,2,3,Window_2023,"【核心含义】
缩量绝对值占比 (Volume Sum Negative)：过去30天中成交量减少部分的绝对量占比。

【运行原理】
杀跌量剥离：在N天窗口内，专门筛选出股价下跌当天的成交量变化量（若比前一日缩量则取差值，具体视公式而定）；
空头量能累加：将符合条件的下跌量能进行加总；
总基准归一化：将总的空头量能除以这N天内所有的成交量绝对变化之和；
恐慌抛盘评估：数值越大，说明该区间内的波动主要由恐慌性的放量杀跌所主导。",price_volume_factors
Price-Volume,Alpha4,False,,,0.4339,0,3,,"【原始公式】
((((SUM(CLOSE,8)/8)+STD(CLOSE,8))<(SUM(CLOSE,2)/2))?(-1*1):(((SUM(CLOSE,2)/2)<((SUM(CLOSE,8)/8)-STD(CLOSE,8)))?1:(((1<(VOLUME/MEAN(VOLUME,20)))||((VOLUME/MEAN(VOLUME,20))==1))?1:(-1*1))))

【核心含义】
国泰君安191因子体系中的 Alpha4 因子。具体业务含义参考原始研报公式解析。",price_volume_factors
Price-Volume,BETA60,False,,,0.3615,1,3,Window_2024,"【核心含义】
价格趋势斜率 (Beta/Slope)：过去60天价格序列对时间的线性回归斜率。代表价格的上涨或下跌趋势强度。

【运行原理】
数据读取：按设定的时间窗口（如5天）提取标的资产的每日收盘价序列；
线性拟合：将时间序列作为自变量，收盘价作为因变量，进行普通最小二乘法(OLS)线性回归；
斜率提取：获取该回归方程的斜率(Slope)，代表资产价格随时间的平均绝对增长率；
价格归一化：将提取出的斜率值除以当前的最新收盘价，将绝对变化率转化为无量纲的相对变化率，以消除不同高低价股位带来的尺度差异。",price_volume_factors
Price-Volume,Alpha132,False,,,0.3583,1,3,Window_2025,"【原始公式】
MEAN(AMOUNT,20)

【核心含义】
国泰君安191因子体系中的 Alpha132 因子。具体业务含义参考原始研报公式解析。",price_volume_factors
Price-Volume,Alpha106,False,,,0.349,1,3,Window_2023,"【原始公式】
CLOSE-DELAY(CLOSE,20)

【核心含义】
国泰君安191因子体系中的 Alpha106 因子。具体业务含义参考原始研报公式解析。",price_volume_factors
Price-Volume,CNTP60,False,,,0.3116,1,3,Window_2024,"【核心含义】
上涨天数占比 (Count Positive)：过去60天中收益率为正的天数占比。反映多头占据优势的交易日频率。

【运行原理】
涨势识别：逐日对比过去N天收盘价与前一交易日收盘价，提取出“当日收盘价 > 前日收盘价”的阳线（上涨日）并标记为1，其余为0；
概率统计：对该布尔序列在时间窗口内求均值，得出上涨交易日所占的百分比；
情绪刻画：数值越接近1，表明区间内股票连涨天数越多，市场处于强势的多头逼空状态或极度乐观情绪中。",price_volume_factors
Price-Volume,RSV60,False,,,0.2611,1,3,Window_2024,"【核心含义】
未成熟随机值 (Raw Stochastic Value)：KDJ指标的计算基础，(当前价-最低价)/(最高价-最低价)，反映当前价格在过去60天极值区间的相对强弱。

【运行原理】
极值扫描：在N天滑动窗口内，同时找出全局最高价(Max)和全局最低价(Min)，确定该区间的绝对波动范围；
相对位置计算：计算当前最新收盘价减去全局最低价的差额；
KD基石换算：将该差额除以总波动范围（最高价-最低价），得到未成熟随机值(RSV)；
超买超卖界定：结果在0到1之间，直观标定当前价格处于近期波动箱体的什么水位（如0.8以上为超买区，0.2以下为超卖区）。",price_volume_factors
Price-Volume,Alpha118,False,,,0.2607,1,3,Window_2025,"【原始公式】
SUM(HIGH-OPEN,20)/SUM(OPEN-LOW,20)*100

【核心含义】
国泰君安191因子体系中的 Alpha118 因子。具体业务含义参考原始研报公式解析。",price_volume_factors
Price-Volume,Alpha38,False,,,0.2377,0,3,,"【原始公式】
(((SUM(HIGH,20)/20)<HIGH)?(-1*DELTA(HIGH,2)):0)

【核心含义】
国泰君安191因子体系中的 Alpha38 因子。具体业务含义参考原始研报公式解析。",price_volume_factors
Price-Volume,IMIN20,False,,,0.225,0,3,,"【核心含义】
最低价距离天数 (Index of Min)：过去20天中最低价发生在那一天。反映低点的时效性。

【运行原理】
极值寻址：在N天滑动窗口内，扫描每日最低价，定位到最小值出现的那一天；
索引提取：获取该最小值距离窗口起始位置的时间索引(IdxMin)；
时间归一化：将索引值除以窗口总长度N，转换为0到1之间的相对时间比例；
见底时间评估：数值越大说明近期刚刚创出新低，抛压仍在释放；数值越小说明低点发生在窗口初期，目前可能已企稳反弹。",price_volume_factors
Price-Volume,BETA10,False,,,0.2227,1,3,Window_2023,"【核心含义】
价格趋势斜率 (Beta/Slope)：过去10天价格序列对时间的线性回归斜率。代表价格的上涨或下跌趋势强度。

【运行原理】
数据读取：按设定的时间窗口（如5天）提取标的资产的每日收盘价序列；
线性拟合：将时间序列作为自变量，收盘价作为因变量，进行普通最小二乘法(OLS)线性回归；
斜率提取：获取该回归方程的斜率(Slope)，代表资产价格随时间的平均绝对增长率；
价格归一化：将提取出的斜率值除以当前的最新收盘价，将绝对变化率转化为无量纲的相对变化率，以消除不同高低价股位带来的尺度差异。",price_volume_factors
Price-Volume,Alpha14,False,,,0.2179,1,3,Window_2023,"【原始公式】
CLOSE-DELAY(CLOSE,5)

【核心含义】
国泰君安191因子体系中的 Alpha14 因子。具体业务含义参考原始研报公式解析。",price_volume_factors
Price-Volume,CORR60,False,,,0.2095,1,3,Window_2023,"【核心含义】
量价相关性 (Correlation)：过去60天价格与成交量的相关系数。反映'量增价涨'或'量缩价跌'等量价配合关系的紧密程度。

【运行原理】
序列提取：在设定的N天滑动窗口内，同步截取每日的收盘价序列与成交量序列；
相关性计算：直接对这两个原始绝对值序列计算皮尔逊相关系数(Pearson Correlation)；
状态输出：生成-1到1之间的系数，无需去均值或对数化，用于最直观地评估当前区间内价格高低与成交量大小之间的线性同步程度。",price_volume_factors
Price-Volume,Alpha126,False,,,0.2058,0,3,,"【原始公式】
(CLOSE+HIGH+LOW)/3

【核心含义】
国泰君安191因子体系中的 Alpha126 因子。具体业务含义参考原始研报公式解析。",price_volume_factors
Price-Volume,IMAX5,False,,,0.2009,1,3,Window_2024,"【核心含义】
最高价距离天数 (Index of Max)：过去5天中最高价发生在那一天（距离当前的倒数天数）。反映高点的时效性。

【运行原理】
极值寻址：在设定的N天时间窗口内，扫描每日的最高价，定位到最大值出现的那一天；
索引提取：获取该最大值所在天数距离当前窗口起始点的索引位置(IdxMax)；
时间归一化：将该位置索引除以窗口总长度N；
动能衰减评估：结果越接近1，说明创出新高的时间越近（近期动能强）；越接近0，说明高点在窗口早期，当前处于长期回调中。",price_volume_factors
Price-Volume,Alpha80,False,,,0.1958,1,3,Window_2024,"【原始公式】
(VOLUME-DELAY(VOLUME,5))/DELAY(VOLUME,5)*100

【核心含义】
国泰君安191因子体系中的 Alpha80 因子。具体业务含义参考原始研报公式解析。",price_volume_factors
Price-Volume,Alpha97,False,,,0.1949,1,3,Window_2024,"【原始公式】
STD(VOLUME,10)

【核心含义】
国泰君安191因子体系中的 Alpha97 因子。具体业务含义参考原始研报公式解析。",price_volume_factors
Price-Volume,QTLD5,False,,,0.1946,1,3,Window_2024,"【核心含义】
区间下分位数 (Quantile Down)：过去5天价格的20%分位数相对当前价格的比值。类似布林带下轨概念。

【运行原理】
分位数排序：在设定的N天时间窗口内，将所有交易日的收盘价从小到大进行排列；
低位分位提取：提取位于 20% 分位点(0.2)的收盘价，作为该区间的“稳健支撑位”（剔除了极端的单日最低价干扰）；
归一化处理：将该20%分位价格除以当前的最新收盘价；
下行空间评估：用于衡量当前价格距离近期筹码低位密集区的距离，评估向下回调的潜在缓冲空间。",price_volume_factors
Price-Volume,VSUMN20,False,,,0.1931,1,3,Window_2023,"【核心含义】
缩量绝对值占比 (Volume Sum Negative)：过去20天中成交量减少部分的绝对量占比。

【运行原理】
杀跌量剥离：在N天窗口内，专门筛选出股价下跌当天的成交量变化量（若比前一日缩量则取差值，具体视公式而定）；
空头量能累加：将符合条件的下跌量能进行加总；
总基准归一化：将总的空头量能除以这N天内所有的成交量绝对变化之和；
恐慌抛盘评估：数值越大，说明该区间内的波动主要由恐慌性的放量杀跌所主导。",price_volume_factors
Price-Volume,Alpha3,False,,,0.1916,1,3,Window_2023,"【原始公式】
SUM((CLOSE=DELAY(CLOSE,1)?0:CLOSE-(CLOSE>DELAY(CLOSE,1)?MIN(LOW,DELAY(CLOSE,1)):MAX(HIGH,DELAY(CLOSE,1)))),6)

【核心含义】
国泰君安191因子体系中的 Alpha3 因子。具体业务含义参考原始研报公式解析。",price_volume_factors
Price-Volume,Alpha58,False,,,0.1889,0,3,,"【原始公式】
COUNT(CLOSE>DELAY(CLOSE,1),20)/20*100

【核心含义】
国泰君安191因子体系中的 Alpha58 因子。具体业务含义参考原始研报公式解析。",price_volume_factors
Price-Volume,RANK30,False,,,0.1854,1,3,Window_2023,"【核心含义】
价格相对排位 (Rank)：当前价格在过去30天价格中的百分比排位。反映当前处于近期波动区间的什么水平。

【运行原理】
数据收集：在N天的滑动窗口内，收集每日的收盘价；
截面排序：将当前的最新收盘价与窗口内历史所有收盘价进行大小比对；
分位数换算：计算当前价格在历史序列中所处的百分比排名(Rank)；
相对强弱定性：结果在0到1之间，1表示当前创出新高，0表示创出新低，用于判断当前价格在近期波动区间内的相对身位。",price_volume_factors
Price-Volume,QTLU30,False,,,0.176,1,3,Window_2023,"【核心含义】
区间上分位数 (Quantile Up)：过去30天价格的80%分位数相对当前价格的比值。类似布林带上轨概念。

【运行原理】
分位数排序：在设定的N天时间窗口内，将所有交易日的收盘价从小到大进行排列；
高位分位提取：提取位于 80% 分位点(0.8)的收盘价，作为该区间的“稳健压力位”（剔除了极端的单日最高价干扰）；
归一化处理：将该80%分位价格除以当前的最新收盘价；
上行阻力评估：衡量当前价格距离近期筹码高位密集区的距离，评估向上突破需要克服的阻力大小。",price_volume_factors
Price-Volume,VSTD60,False,,,0.1752,0,3,,"【核心含义】
成交量波动率 (Volume STD)：过去60天成交量的相对标准差。衡量交投活跃度的稳定性。

【运行原理】
量能波动提取：在N天的滑动窗口内，计算每日成交量序列的标准差(Std)，衡量资金参与热度的极热极冷切换频率；
波动归一化：将计算出的成交量绝对标准差除以当前的最新成交量；
筹码稳定性刻画：数值越大，说明近期时而极度缩量时而放出天量，筹码极不稳定；数值越小，说明每日成交量均匀平稳，资金运作有条短不紊。",price_volume_factors
Price-Volume,IMIN10,False,,,0.173,1,3,Window_2025,"【核心含义】
最低价距离天数 (Index of Min)：过去10天中最低价发生在那一天。反映低点的时效性。

【运行原理】
极值寻址：在N天滑动窗口内，扫描每日最低价，定位到最小值出现的那一天；
索引提取：获取该最小值距离窗口起始位置的时间索引(IdxMin)；
时间归一化：将索引值除以窗口总长度N，转换为0到1之间的相对时间比例；
见底时间评估：数值越大说明近期刚刚创出新低，抛压仍在释放；数值越小说明低点发生在窗口初期，目前可能已企稳反弹。",price_volume_factors
Price-Volume,RSQR30,False,,,0.1718,1,3,Window_2025,"【核心含义】
价格趋势决定系数 (R-square)：过去30天价格线性回归的R平方。衡量价格趋势的线性度（平滑度），值越大说明趋势越稳定。

【运行原理】
数据准备：以时间序列（1到N）作为自变量，N天内的收盘价作为因变量；
线性拟合：进行普通最小二乘法(OLS)线性回归；
判定系数计算：计算回归模型的决定系数 R-squared (R²)，即因变量的方差中可由自变量（时间趋势）解释的比例；
趋势平稳度评估：R² 越接近1，说明价格沿直线涨跌的趋势越平稳、噪音越小；越接近0，说明走势杂乱无章、震荡剧烈。",price_volume_factors
Price-Volume,Alpha128,False,,,0.17,0,3,,"【原始公式】
100-(100/(1+SUM(((HIGH+LOW+CLOSE)/3>DELAY((HIGH+LOW+CLOSE)/3,1)?(HIGH+LOW+CLOSE)/3*VOLUM E:0),14)/SUM(((HIGH+LOW+CLOSE)/3\

【核心含义】
国泰君安191因子体系中的 Alpha128 因子。具体业务含义参考原始研报公式解析。",price_volume_factors
Price-Volume,IMAX10,False,,,0.1699,0,3,,"【核心含义】
最高价距离天数 (Index of Max)：过去10天中最高价发生在那一天（距离当前的倒数天数）。反映高点的时效性。

【运行原理】
极值寻址：在设定的N天时间窗口内，扫描每日的最高价，定位到最大值出现的那一天；
索引提取：获取该最大值所在天数距离当前窗口起始点的索引位置(IdxMax)；
时间归一化：将该位置索引除以窗口总长度N；
动能衰减评估：结果越接近1，说明创出新高的时间越近（近期动能强）；越接近0，说明高点在窗口早期，当前处于长期回调中。",price_volume_factors
Price-Volume,Alpha86,False,,,0.1695,0,3,,"【原始公式】
((0.25<(((DELAY(CLOSE,20)-DELAY(CLOSE,10))/10)-((DELAY(CLOSE,10)-CLOSE)/10)))?(-1*1):(((((DELAY(CLOSE,20)-DELAY(CLOSE,10))/10)-((DELAY(CLOSE,10)-CLOSE)/10))\<0)?1:((-1*1)*(CLOSE-DELAY(CLOSE,1)))))

【核心含义】
国泰君安191因子体系中的 Alpha86 因子。具体业务含义参考原始研报公式解析。",price_volume_factors
Price-Volume,RESI60,False,,,0.1689,1,3,Window_2025,"【核心含义】
价格趋势残差 (Residual)：过去60天价格线性回归的残差相对值。衡量价格偏离其线性趋势的程度，反映短期超买或超卖。

【运行原理】
数据准备：以时间序列（1到N）作为自变量，N天内的收盘价作为因变量；
线性拟合：对这两组数据进行普通最小二乘法(OLS)线性回归，得到一条代表整体趋势的最佳拟合直线；
残差提取：计算当前最新收盘价与该拟合直线在当天的预测值之间的差值（残差 Resi）；
残差归一化：将残差除以当前的收盘价；
异动捕捉：过滤掉线性的平稳趋势后，剩下的残差反映了价格的非线性突变或异常波动（超买/超卖程度）。",price_volume_factors
Price-Volume,VSUMN60,False,,,0.163,1,3,Window_2024,"【核心含义】
缩量绝对值占比 (Volume Sum Negative)：过去60天中成交量减少部分的绝对量占比。

【运行原理】
杀跌量剥离：在N天窗口内，专门筛选出股价下跌当天的成交量变化量（若比前一日缩量则取差值，具体视公式而定）；
空头量能累加：将符合条件的下跌量能进行加总；
总基准归一化：将总的空头量能除以这N天内所有的成交量绝对变化之和；
恐慌抛盘评估：数值越大，说明该区间内的波动主要由恐慌性的放量杀跌所主导。",price_volume_factors
Price-Volume,MAX20,False,,,0.1622,0,3,,"【核心含义】
区间最高价相对值 (Max)：过去20天的最高价相对当前价格的比值。反映当前价格距离前期高点的距离（阻力位）。

【运行原理】
极值扫描：在设定的N天滑动窗口内，遍历每一天的最高价；
峰值提取：找出这N天中的全局最高价(Max)；
压力位归一化：将提取出的历史最高价除以当前的最新收盘价；
破顶距离刻画：数值反映了当前价格距离近期前高的空间。数值越接近1，说明越有突破前高的可能；数值越大，说明距离前高越远，处于深幅回调中。",price_volume_factors
Price-Volume,MIN20,False,,,0.1613,1,3,Window_2024,"【核心含义】
区间最低价相对值 (Min)：过去20天的最低价相对当前价格的比值。反映当前价格距离前期低点的距离（支撑位）。

【运行原理】
极值扫描：在设定的N天滑动窗口内，遍历每一天的最低价；
谷值提取：找出这N天中的全局最低价(Min)，即近期的支撑位；
支撑位归一化：将提取出的历史最低价除以当前的最新收盘价；
破底距离刻画：数值反映了当前价格距离近期前低的空间。数值越接近1，说明面临破位风险；数值越小（离1越远），说明已经大幅反弹脱离底部。",price_volume_factors
Price-Volume,MA60,False,,,0.1578,1,3,Window_2023,"【核心含义】
移动平均 (Moving Average)：过去60天的价格移动平均相对当前价格的比值。反映短期均线乖离率，常用于均线回归或趋势判断。

【运行原理】
窗口聚合：在设定的N天时间窗口内，收集每一天的收盘价；
均值计算：对窗口内的所有收盘价求简单算术平均数(Mean)，得到该周期的移动平均线点位；
乖离率换算：将计算出的移动平均值除以当前的最新收盘价；
偏离度评估：结果大于1代表价格跌破均线（超卖或下行），小于1代表价格在均线上方（超买或上行），反映了短期价格相对均值中枢的偏离状态。",price_volume_factors
Price-Volume,CNTN60,False,,,0.1552,0,3,,"【核心含义】
下跌天数占比 (Count Negative)：过去60天中收益率为负的天数占比。反映空头占据优势的交易日频率。

【运行原理】
跌势识别：逐日对比过去N天的收盘价与前一交易日收盘价，仅对“当日收盘价 < 前日收盘价”的交易日进行布尔标记（True为1，False为0）；
概率统计：在滑动窗口内对布尔序列求均值，计算出该区间内阴线（下跌日）出现的相对比例；
情绪刻画：数值越接近1，说明该区间内股票几乎每天都在下跌，反映出极强的空头压制与市场悲观情绪。",price_volume_factors
Price-Volume,RSV30,False,,,0.1534,0,3,,"【核心含义】
未成熟随机值 (Raw Stochastic Value)：KDJ指标的计算基础，(当前价-最低价)/(最高价-最低价)，反映当前价格在过去30天极值区间的相对强弱。

【运行原理】
极值扫描：在N天滑动窗口内，同时找出全局最高价(Max)和全局最低价(Min)，确定该区间的绝对波动范围；
相对位置计算：计算当前最新收盘价减去全局最低价的差额；
KD基石换算：将该差额除以总波动范围（最高价-最低价），得到未成熟随机值(RSV)；
超买超卖界定：结果在0到1之间，直观标定当前价格处于近期波动箱体的什么水位（如0.8以上为超买区，0.2以下为超卖区）。",price_volume_factors
Price-Volume,QTLD20,False,,,0.1509,1,3,Window_2023,"【核心含义】
区间下分位数 (Quantile Down)：过去20天价格的20%分位数相对当前价格的比值。类似布林带下轨概念。

【运行原理】
分位数排序：在设定的N天时间窗口内，将所有交易日的收盘价从小到大进行排列；
低位分位提取：提取位于 20% 分位点(0.2)的收盘价，作为该区间的“稳健支撑位”（剔除了极端的单日最低价干扰）；
归一化处理：将该20%分位价格除以当前的最新收盘价；
下行空间评估：用于衡量当前价格距离近期筹码低位密集区的距离，评估向下回调的潜在缓冲空间。",price_volume_factors
Price-Volume,VSUMP60,False,,,0.1489,1,3,Window_2023,"【核心含义】
放量绝对值占比 (Volume Sum Positive)：过去60天中成交量增加部分的绝对量占比。

【运行原理】
追涨量剥离：在N天窗口内，专门筛选出股价上涨当天的成交量变化量；
多头量能累加：将符合条件的追涨量能进行加总；
总基准归一化：将总的多头量能除以这N天内所有的成交量绝对变化之和；
资金抢筹评估：数值越大，说明该区间内的波动主要由资金积极入场抢筹的放量上涨所主导，是判断底部建仓或主升浪的重要依据。",price_volume_factors
Price-Volume,Alpha168,False,,,0.1471,1,3,Window_2023,"【原始公式】
(-1*VOLUME/MEAN(VOLUME,20))

【核心含义】
国泰君安191因子体系中的 Alpha168 因子。具体业务含义参考原始研报公式解析。",price_volume_factors
Price-Volume,VSUMD60,False,,,0.1464,1,3,Window_2025,"【核心含义】
放缩量净差占比 (Volume Sum Difference)：过去60天成交量增加与减少部分的净差占比。

【运行原理】
量能多空拆解：在N天窗口内，根据当日股价的涨跌，将成交量变化拆分为“伴随上涨的增量”与“伴随下跌的增量”；
量能轧差：计算上涨增量总和与下跌增量总和的差值，得到资金追涨杀跌的“净量能”；
总基准归一化：将净量能除以这N天内所有成交量绝对变化的整体和；
资金净推力：正值代表放量上涨的良性推力，负值代表放量下跌的恶性砸盘，用于甄别资金的真实意图。",price_volume_factors
Price-Volume,Alpha75,False,,,0.146,0,3,,"【原始公式】
BANCHMARKINDEXCLOSE<BANCHMARKINDEXOPEN,50)/COUNT(BANCHMARKINDEXCLOSE<BANCHMARKIN DEXOPEN,50)

【核心含义】
国泰君安191因子体系中的 Alpha75 因子。具体业务含义参考原始研报公式解析。",price_volume_factors
Price-Volume,Alpha145,False,,,0.1444,0,3,,"【原始公式】
(MEAN(VOLUME,9)-MEAN(VOLUME,26))/MEAN(VOLUME,12)*100

【核心含义】
国泰君安191因子体系中的 Alpha145 因子。具体业务含义参考原始研报公式解析。",price_volume_factors
Price-Volume,SUMP30,False,,,0.1417,1,3,Window_2025,"【核心含义】
正收益绝对值占比 (Sum Positive)：过去30天中所有正收益之和占总绝对收益的比例。反映多头拉升的绝对力量（类似RSI的核心思想）。

【运行原理】
多头剥离：在N天的滑动窗口内，逐日比对收盘价，仅提取出上涨交易日（今日收盘>昨日收盘）的上涨绝对点数；
多头动能累加：将这N天内的所有上涨点数进行求和；
基准归一化：将多头总动能除以这N天内所有价格变化（无论涨跌）的绝对值总和；
多方势能评估：结果在0到1之间，本质上是经典的相对强弱指标(RSI)的计算内核，反映多头在整体波动中的支配地位。",price_volume_factors
Price-Volume,IMXD10,False,,,0.1412,0,3,,"【核心含义】
高低点极值距离 (Index Distance)：过去10天内最高价和最低价发生天数的差值。反映趋势的运行节奏和周期。

【运行原理】
高点寻址：在N天窗口内找到最高价所在的时间索引(IdxMax)；
低点寻址：在同一窗口内找到最低价所在的时间索引(IdxMin)；
时差计算：将高点索引减去低点索引，得出极值点之间的时间跨度；
跨度归一化：将时间跨度除以窗口长度N；
趋势形态判定：正值表示“先见底后见顶”（上升趋势），负值表示“先见顶后见底”（下降趋势），绝对值大小代表趋势持续的时间跨度。",price_volume_factors
Price-Volume,VSTD10,False,,,0.1398,1,3,Window_2025,"【核心含义】
成交量波动率 (Volume STD)：过去10天成交量的相对标准差。衡量交投活跃度的稳定性。

【运行原理】
量能波动提取：在N天的滑动窗口内，计算每日成交量序列的标准差(Std)，衡量资金参与热度的极热极冷切换频率；
波动归一化：将计算出的成交量绝对标准差除以当前的最新成交量；
筹码稳定性刻画：数值越大，说明近期时而极度缩量时而放出天量，筹码极不稳定；数值越小，说明每日成交量均匀平稳，资金运作有条短不紊。",price_volume_factors
Price-Volume,Alpha29,False,,,0.1377,0,3,,"【原始公式】
(CLOSE-DELAY(CLOSE,6))/DELAY(CLOSE,6)*VOLUME

【核心含义】
国泰君安191因子体系中的 Alpha29 因子。具体业务含义参考原始研报公式解析。",price_volume_factors
Price-Volume,Alpha76,False,,,0.1358,0,3,,"【原始公式】
STD(ABS((CLOSE/DELAY(CLOSE,1)-1))/VOLUME,20)/MEAN(ABS((CLOSE/DELAY(CLOSE,1)-1))/VOLUME,20)

【核心含义】
国泰君安191因子体系中的 Alpha76 因子。具体业务含义参考原始研报公式解析。",price_volume_factors
Price-Volume,IMIN5,False,,,0.1357,0,3,,"【核心含义】
最低价距离天数 (Index of Min)：过去5天中最低价发生在那一天。反映低点的时效性。

【运行原理】
极值寻址：在N天滑动窗口内，扫描每日最低价，定位到最小值出现的那一天；
索引提取：获取该最小值距离窗口起始位置的时间索引(IdxMin)；
时间归一化：将索引值除以窗口总长度N，转换为0到1之间的相对时间比例；
见底时间评估：数值越大说明近期刚刚创出新低，抛压仍在释放；数值越小说明低点发生在窗口初期，目前可能已企稳反弹。",price_volume_factors
Price-Volume,Alpha15,False,,,0.1341,1,3,Window_2025,"【原始公式】
OPEN/DELAY(CLOSE,1)-1

【核心含义】
国泰君安191因子体系中的 Alpha15 因子。具体业务含义参考原始研报公式解析。",price_volume_factors
Price-Volume,Alpha95,False,,,0.1334,0,3,,"【原始公式】
STD(AMOUNT,20)

【核心含义】
国泰君安191因子体系中的 Alpha95 因子。具体业务含义参考原始研报公式解析。",price_volume_factors
Price-Volume,BETA5,False,,,0.1331,0,3,,"【核心含义】
价格趋势斜率 (Beta/Slope)：过去5天价格序列对时间的线性回归斜率。代表价格的上涨或下跌趋势强度。

【运行原理】
数据读取：按设定的时间窗口（如5天）提取标的资产的每日收盘价序列；
线性拟合：将时间序列作为自变量，收盘价作为因变量，进行普通最小二乘法(OLS)线性回归；
斜率提取：获取该回归方程的斜率(Slope)，代表资产价格随时间的平均绝对增长率；
价格归一化：将提取出的斜率值除以当前的最新收盘价，将绝对变化率转化为无量纲的相对变化率，以消除不同高低价股位带来的尺度差异。",price_volume_factors
Price-Volume,WVMA60,False,,,0.1315,0,3,,"【核心含义】
波动加权成交量均值 (Weighted VMA)：过去60天以价格波动绝对值加权的成交量相对均值。反映大幅波动时的异常成交量特征。

【运行原理】
动能权重赋值：在N天滑动窗口内，先计算每日的价格绝对变化率（如：Abs(今日收盘/昨日收盘-1)），以此作为当日行情的“动能权重”；
量能加权：将该动能权重乘上当日的成交量，得到“价格波动加权的成交量”序列；
波动率计算：计算该加权成交量序列的标准差，并除以其均值进行无量纲化；
极端行情捕捉：该指标能极其敏感地捕捉到“巨幅震荡且伴随天量”的极端变盘日，是识别市场情绪顶底的利器。",price_volume_factors
Price-Volume,VMA10,False,,,0.126,0,3,,"【核心含义】
成交量移动平均 (Volume MA)：过去10天的成交量移动平均相对当前成交量的比值。反映成交量的近期均值回归状态。

【运行原理】
成交量聚合：在设定的N天时间窗口内，收集每一天的成交量(volume)；
均量计算：对窗口内的所有成交量求简单算术平均数(Mean)，得到该周期的平均换手水平；
放缩量换算：将计算出的移动平均成交量除以当前的最新成交量（分母加极小值防报错）；
量能异动评估：结果若远小于1，说明当日剧烈放量；若大于1，说明当日缩量。用于判断当前交投活跃度相较于历史均值的异动情况。",price_volume_factors
Price-Volume,RSQR60,False,,,0.1257,0,3,,"【核心含义】
价格趋势决定系数 (R-square)：过去60天价格线性回归的R平方。衡量价格趋势的线性度（平滑度），值越大说明趋势越稳定。

【运行原理】
数据准备：以时间序列（1到N）作为自变量，N天内的收盘价作为因变量；
线性拟合：进行普通最小二乘法(OLS)线性回归；
判定系数计算：计算回归模型的决定系数 R-squared (R²)，即因变量的方差中可由自变量（时间趋势）解释的比例；
趋势平稳度评估：R² 越接近1，说明价格沿直线涨跌的趋势越平稳、噪音越小；越接近0，说明走势杂乱无章、震荡剧烈。",price_volume_factors
Price-Volume,WVMA20,False,,,0.1232,0,3,,"【核心含义】
波动加权成交量均值 (Weighted VMA)：过去20天以价格波动绝对值加权的成交量相对均值。反映大幅波动时的异常成交量特征。

【运行原理】
动能权重赋值：在N天滑动窗口内，先计算每日的价格绝对变化率（如：Abs(今日收盘/昨日收盘-1)），以此作为当日行情的“动能权重”；
量能加权：将该动能权重乘上当日的成交量，得到“价格波动加权的成交量”序列；
波动率计算：计算该加权成交量序列的标准差，并除以其均值进行无量纲化；
极端行情捕捉：该指标能极其敏感地捕捉到“巨幅震荡且伴随天量”的极端变盘日，是识别市场情绪顶底的利器。",price_volume_factors
Price-Volume,Alpha71,False,,,0.1226,1,3,Window_2025,"【原始公式】
(CLOSE-MEAN(CLOSE,24))/MEAN(CLOSE,24)*100

【核心含义】
国泰君安191因子体系中的 Alpha71 因子。具体业务含义参考原始研报公式解析。",price_volume_factors
Price-Volume,CNTP10,False,,,0.1205,0,3,,"【核心含义】
上涨天数占比 (Count Positive)：过去10天中收益率为正的天数占比。反映多头占据优势的交易日频率。

【运行原理】
涨势识别：逐日对比过去N天收盘价与前一交易日收盘价，提取出“当日收盘价 > 前日收盘价”的阳线（上涨日）并标记为1，其余为0；
概率统计：对该布尔序列在时间窗口内求均值，得出上涨交易日所占的百分比；
情绪刻画：数值越接近1，表明区间内股票连涨天数越多，市场处于强势的多头逼空状态或极度乐观情绪中。",price_volume_factors
Price-Volume,IMXD5,False,,,0.1183,0,3,,"【核心含义】
高低点极值距离 (Index Distance)：过去5天内最高价和最低价发生天数的差值。反映趋势的运行节奏和周期。

【运行原理】
高点寻址：在N天窗口内找到最高价所在的时间索引(IdxMax)；
低点寻址：在同一窗口内找到最低价所在的时间索引(IdxMin)；
时差计算：将高点索引减去低点索引，得出极值点之间的时间跨度；
跨度归一化：将时间跨度除以窗口长度N；
趋势形态判定：正值表示“先见底后见顶”（上升趋势），负值表示“先见顶后见底”（下降趋势），绝对值大小代表趋势持续的时间跨度。",price_volume_factors
Price-Volume,QTLU20,False,,,0.1175,0,3,,"【核心含义】
区间上分位数 (Quantile Up)：过去20天价格的80%分位数相对当前价格的比值。类似布林带上轨概念。

【运行原理】
分位数排序：在设定的N天时间窗口内，将所有交易日的收盘价从小到大进行排列；
高位分位提取：提取位于 80% 分位点(0.8)的收盘价，作为该区间的“稳健压力位”（剔除了极端的单日最高价干扰）；
归一化处理：将该80%分位价格除以当前的最新收盘价；
上行阻力评估：衡量当前价格距离近期筹码高位密集区的距离，评估向上突破需要克服的阻力大小。",price_volume_factors
Price-Volume,WVMA30,False,,,0.114,0,3,,"【核心含义】
波动加权成交量均值 (Weighted VMA)：过去30天以价格波动绝对值加权的成交量相对均值。反映大幅波动时的异常成交量特征。

【运行原理】
动能权重赋值：在N天滑动窗口内，先计算每日的价格绝对变化率（如：Abs(今日收盘/昨日收盘-1)），以此作为当日行情的“动能权重”；
量能加权：将该动能权重乘上当日的成交量，得到“价格波动加权的成交量”序列；
波动率计算：计算该加权成交量序列的标准差，并除以其均值进行无量纲化；
极端行情捕捉：该指标能极其敏感地捕捉到“巨幅震荡且伴随天量”的极端变盘日，是识别市场情绪顶底的利器。",price_volume_factors
Price-Volume,Alpha178,False,,,0.1119,0,3,,"【原始公式】
(CLOSE-DELAY(CLOSE,1))/DELAY(CLOSE,1)*VOLUME

【核心含义】
国泰君安191因子体系中的 Alpha178 因子。具体业务含义参考原始研报公式解析。",price_volume_factors
Price-Volume,CNTP20,False,,,0.1104,1,3,Window_2025,"【核心含义】
上涨天数占比 (Count Positive)：过去20天中收益率为正的天数占比。反映多头占据优势的交易日频率。

【运行原理】
涨势识别：逐日对比过去N天收盘价与前一交易日收盘价，提取出“当日收盘价 > 前日收盘价”的阳线（上涨日）并标记为1，其余为0；
概率统计：对该布尔序列在时间窗口内求均值，得出上涨交易日所占的百分比；
情绪刻画：数值越接近1，表明区间内股票连涨天数越多，市场处于强势的多头逼空状态或极度乐观情绪中。",price_volume_factors
Price-Volume,VSUMN10,False,,,0.1085,1,3,Window_2023,"【核心含义】
缩量绝对值占比 (Volume Sum Negative)：过去10天中成交量减少部分的绝对量占比。

【运行原理】
杀跌量剥离：在N天窗口内，专门筛选出股价下跌当天的成交量变化量（若比前一日缩量则取差值，具体视公式而定）；
空头量能累加：将符合条件的下跌量能进行加总；
总基准归一化：将总的空头量能除以这N天内所有的成交量绝对变化之和；
恐慌抛盘评估：数值越大，说明该区间内的波动主要由恐慌性的放量杀跌所主导。",price_volume_factors
Price-Volume,MAX30,False,,,0.1069,0,3,,"【核心含义】
区间最高价相对值 (Max)：过去30天的最高价相对当前价格的比值。反映当前价格距离前期高点的距离（阻力位）。

【运行原理】
极值扫描：在设定的N天滑动窗口内，遍历每一天的最高价；
峰值提取：找出这N天中的全局最高价(Max)；
压力位归一化：将提取出的历史最高价除以当前的最新收盘价；
破顶距离刻画：数值反映了当前价格距离近期前高的空间。数值越接近1，说明越有突破前高的可能；数值越大，说明距离前高越远，处于深幅回调中。",price_volume_factors
Price-Volume,Alpha20,False,,,0.1059,0,3,,"【原始公式】
(CLOSE-DELAY(CLOSE,6))/DELAY(CLOSE,6)*100

【核心含义】
国泰君安191因子体系中的 Alpha20 因子。具体业务含义参考原始研报公式解析。",price_volume_factors
Price-Volume,MAX60,False,,,0.0996,0,3,,"【核心含义】
区间最高价相对值 (Max)：过去60天的最高价相对当前价格的比值。反映当前价格距离前期高点的距离（阻力位）。

【运行原理】
极值扫描：在设定的N天滑动窗口内，遍历每一天的最高价；
峰值提取：找出这N天中的全局最高价(Max)；
压力位归一化：将提取出的历史最高价除以当前的最新收盘价；
破顶距离刻画：数值反映了当前价格距离近期前高的空间。数值越接近1，说明越有突破前高的可能；数值越大，说明距离前高越远，处于深幅回调中。",price_volume_factors
Price-Volume,RANK10,False,,,0.0976,0,3,,"【核心含义】
价格相对排位 (Rank)：当前价格在过去10天价格中的百分比排位。反映当前处于近期波动区间的什么水平。

【运行原理】
数据收集：在N天的滑动窗口内，收集每日的收盘价；
截面排序：将当前的最新收盘价与窗口内历史所有收盘价进行大小比对；
分位数换算：计算当前价格在历史序列中所处的百分比排名(Rank)；
相对强弱定性：结果在0到1之间，1表示当前创出新高，0表示创出新低，用于判断当前价格在近期波动区间内的相对身位。",price_volume_factors
Price-Volume,RANK5,False,,,0.0901,0,3,,"【核心含义】
价格相对排位 (Rank)：当前价格在过去5天价格中的百分比排位。反映当前处于近期波动区间的什么水平。

【运行原理】
数据收集：在N天的滑动窗口内，收集每日的收盘价；
截面排序：将当前的最新收盘价与窗口内历史所有收盘价进行大小比对；
分位数换算：计算当前价格在历史序列中所处的百分比排名(Rank)；
相对强弱定性：结果在0到1之间，1表示当前创出新高，0表示创出新低，用于判断当前价格在近期波动区间内的相对身位。",price_volume_factors
Price-Volume,RESI10,False,,,0.0869,0,3,,"【核心含义】
价格趋势残差 (Residual)：过去10天价格线性回归的残差相对值。衡量价格偏离其线性趋势的程度，反映短期超买或超卖。

【运行原理】
数据准备：以时间序列（1到N）作为自变量，N天内的收盘价作为因变量；
线性拟合：对这两组数据进行普通最小二乘法(OLS)线性回归，得到一条代表整体趋势的最佳拟合直线；
残差提取：计算当前最新收盘价与该拟合直线在当天的预测值之间的差值（残差 Resi）；
残差归一化：将残差除以当前的收盘价；
异动捕捉：过滤掉线性的平稳趋势后，剩下的残差反映了价格的非线性突变或异常波动（超买/超卖程度）。",price_volume_factors
Price-Volume,VWAP0,False,,,0.0861,0,3,,"【核心含义】
相对收盘的均价：衡量全天成交均价相对于收盘价的位置，用于判断收盘价是高于还是低于全天平均成本。

【运行原理】
均价提取：获取当前交易日的成交量加权平均价(VWAP)，该价格代表了全天所有买卖单的真实平均建仓成本；
收盘比对：获取当日的最终收盘价(close)；
折溢价换算：将 VWAP 直接除以收盘价；
日内盈亏评估：若结果大于1，说明收盘价跌破了全天均价，日内入场的大部分资金处于浮亏状态（偏空）；若小于1，则大部分资金实现浮盈（偏多）。",price_volume_factors
Price-Volume,Alpha11,False,,,0.0848,0,3,,"【原始公式】
(SUM(((CLOSE-LOW)-(HIGH-CLOSE))./(HIGH-LOW).*VOLUME,6)

【核心含义】
国泰君安191因子体系中的 Alpha11 因子。具体业务含义参考原始研报公式解析。",price_volume_factors
Price-Volume,WVMA10,False,,,0.0844,0,3,,"【核心含义】
波动加权成交量均值 (Weighted VMA)：过去10天以价格波动绝对值加权的成交量相对均值。反映大幅波动时的异常成交量特征。

【运行原理】
动能权重赋值：在N天滑动窗口内，先计算每日的价格绝对变化率（如：Abs(今日收盘/昨日收盘-1)），以此作为当日行情的“动能权重”；
量能加权：将该动能权重乘上当日的成交量，得到“价格波动加权的成交量”序列；
波动率计算：计算该加权成交量序列的标准差，并除以其均值进行无量纲化；
极端行情捕捉：该指标能极其敏感地捕捉到“巨幅震荡且伴随天量”的极端变盘日，是识别市场情绪顶底的利器。",price_volume_factors
Price-Volume,RESI20,False,,,0.084,0,3,,"【核心含义】
价格趋势残差 (Residual)：过去20天价格线性回归的残差相对值。衡量价格偏离其线性趋势的程度，反映短期超买或超卖。

【运行原理】
数据准备：以时间序列（1到N）作为自变量，N天内的收盘价作为因变量；
线性拟合：对这两组数据进行普通最小二乘法(OLS)线性回归，得到一条代表整体趋势的最佳拟合直线；
残差提取：计算当前最新收盘价与该拟合直线在当天的预测值之间的差值（残差 Resi）；
残差归一化：将残差除以当前的收盘价；
异动捕捉：过滤掉线性的平稳趋势后，剩下的残差反映了价格的非线性突变或异常波动（超买/超卖程度）。",price_volume_factors
Price-Volume,VMA5,False,,,0.0835,0,3,,"【核心含义】
成交量移动平均 (Volume MA)：过去5天的成交量移动平均相对当前成交量的比值。反映成交量的近期均值回归状态。

【运行原理】
成交量聚合：在设定的N天时间窗口内，收集每一天的成交量(volume)；
均量计算：对窗口内的所有成交量求简单算术平均数(Mean)，得到该周期的平均换手水平；
放缩量换算：将计算出的移动平均成交量除以当前的最新成交量（分母加极小值防报错）；
量能异动评估：结果若远小于1，说明当日剧烈放量；若大于1，说明当日缩量。用于判断当前交投活跃度相较于历史均值的异动情况。",price_volume_factors
Price-Volume,RESI5,False,,,0.0833,0,3,,"【核心含义】
价格趋势残差 (Residual)：过去5天价格线性回归的残差相对值。衡量价格偏离其线性趋势的程度，反映短期超买或超卖。

【运行原理】
数据准备：以时间序列（1到N）作为自变量，N天内的收盘价作为因变量；
线性拟合：对这两组数据进行普通最小二乘法(OLS)线性回归，得到一条代表整体趋势的最佳拟合直线；
残差提取：计算当前最新收盘价与该拟合直线在当天的预测值之间的差值（残差 Resi）；
残差归一化：将残差除以当前的收盘价；
异动捕捉：过滤掉线性的平稳趋势后，剩下的残差反映了价格的非线性突变或异常波动（超买/超卖程度）。",price_volume_factors
Price-Volume,VSUMD10,False,,,0.0793,0,3,,"【核心含义】
放缩量净差占比 (Volume Sum Difference)：过去10天成交量增加与减少部分的净差占比。

【运行原理】
量能多空拆解：在N天窗口内，根据当日股价的涨跌，将成交量变化拆分为“伴随上涨的增量”与“伴随下跌的增量”；
量能轧差：计算上涨增量总和与下跌增量总和的差值，得到资金追涨杀跌的“净量能”；
总基准归一化：将净量能除以这N天内所有成交量绝对变化的整体和；
资金净推力：正值代表放量上涨的良性推力，负值代表放量下跌的恶性砸盘，用于甄别资金的真实意图。",price_volume_factors
Price-Volume,Alpha191,False,,,0.0792,0,3,,"【原始公式】
((CORR(MEAN(VOLUME,20),LOW,5)+((HIGH+LOW)/2))-CLOSE)

【核心含义】
国泰君安191因子体系中的 Alpha191 因子。具体业务含义参考原始研报公式解析。",price_volume_factors
Price-Volume,VSUMP30,False,,,0.0779,0,3,,"【核心含义】
放量绝对值占比 (Volume Sum Positive)：过去30天中成交量增加部分的绝对量占比。

【运行原理】
追涨量剥离：在N天窗口内，专门筛选出股价上涨当天的成交量变化量；
多头量能累加：将符合条件的追涨量能进行加总；
总基准归一化：将总的多头量能除以这N天内所有的成交量绝对变化之和；
资金抢筹评估：数值越大，说明该区间内的波动主要由资金积极入场抢筹的放量上涨所主导，是判断底部建仓或主升浪的重要依据。",price_volume_factors
Price-Volume,Alpha46,False,,,0.0774,0,3,,"【原始公式】
(MEAN(CLOSE,3)+MEAN(CLOSE,6)+MEAN(CLOSE,12)+MEAN(CLOSE,24))/(4*CLOSE)

【核心含义】
国泰君安191因子体系中的 Alpha46 因子。具体业务含义参考原始研报公式解析。",price_volume_factors
Price-Volume,RSQR10,False,,,0.0767,0,3,,"【核心含义】
价格趋势决定系数 (R-square)：过去10天价格线性回归的R平方。衡量价格趋势的线性度（平滑度），值越大说明趋势越稳定。

【运行原理】
数据准备：以时间序列（1到N）作为自变量，N天内的收盘价作为因变量；
线性拟合：进行普通最小二乘法(OLS)线性回归；
判定系数计算：计算回归模型的决定系数 R-squared (R²)，即因变量的方差中可由自变量（时间趋势）解释的比例；
趋势平稳度评估：R² 越接近1，说明价格沿直线涨跌的趋势越平稳、噪音越小；越接近0，说明走势杂乱无章、震荡剧烈。",price_volume_factors
Price-Volume,CNTD30,False,,,0.0711,0,3,,"【核心含义】
涨跌天数差值 (Count Difference)：过去30天中上涨天数与下跌天数占比的差值。直接反映多空天数力量对比。

【运行原理】
涨跌识别：逐日对比过去N天的收盘价与前一交易日收盘价，分别标记为上涨日和下跌日；
频率统计：在设定窗口内，分别计算上涨日出现的平均概率（多头占比）和下跌日出现的平均概率（空头占比）；
净胜计算：将上涨概率减去下跌概率，得出多空双方在此区间的“净胜频次占比”；
特征输出：正值说明多头占优，负值说明空头占优，每日随着窗口前移而动态更新。",price_volume_factors
Price-Volume,MA10,False,,,0.0685,0,3,,"【核心含义】
移动平均 (Moving Average)：过去10天的价格移动平均相对当前价格的比值。反映短期均线乖离率，常用于均线回归或趋势判断。

【运行原理】
窗口聚合：在设定的N天时间窗口内，收集每一天的收盘价；
均值计算：对窗口内的所有收盘价求简单算术平均数(Mean)，得到该周期的移动平均线点位；
乖离率换算：将计算出的移动平均值除以当前的最新收盘价；
偏离度评估：结果大于1代表价格跌破均线（超卖或下行），小于1代表价格在均线上方（超买或上行），反映了短期价格相对均值中枢的偏离状态。",price_volume_factors
Price-Volume,RESI30,False,,,0.0684,0,3,,"【核心含义】
价格趋势残差 (Residual)：过去30天价格线性回归的残差相对值。衡量价格偏离其线性趋势的程度，反映短期超买或超卖。

【运行原理】
数据准备：以时间序列（1到N）作为自变量，N天内的收盘价作为因变量；
线性拟合：对这两组数据进行普通最小二乘法(OLS)线性回归，得到一条代表整体趋势的最佳拟合直线；
残差提取：计算当前最新收盘价与该拟合直线在当天的预测值之间的差值（残差 Resi）；
残差归一化：将残差除以当前的收盘价；
异动捕捉：过滤掉线性的平稳趋势后，剩下的残差反映了价格的非线性突变或异常波动（超买/超卖程度）。",price_volume_factors
Price-Volume,RANK20,False,,,0.0684,0,3,,"【核心含义】
价格相对排位 (Rank)：当前价格在过去20天价格中的百分比排位。反映当前处于近期波动区间的什么水平。

【运行原理】
数据收集：在N天的滑动窗口内，收集每日的收盘价；
截面排序：将当前的最新收盘价与窗口内历史所有收盘价进行大小比对；
分位数换算：计算当前价格在历史序列中所处的百分比排名(Rank)；
相对强弱定性：结果在0到1之间，1表示当前创出新高，0表示创出新低，用于判断当前价格在近期波动区间内的相对身位。",price_volume_factors
Price-Volume,CNTP5,False,,,0.0682,0,3,,"【核心含义】
上涨天数占比 (Count Positive)：过去5天中收益率为正的天数占比。反映多头占据优势的交易日频率。

【运行原理】
涨势识别：逐日对比过去N天收盘价与前一交易日收盘价，提取出“当日收盘价 > 前日收盘价”的阳线（上涨日）并标记为1，其余为0；
概率统计：对该布尔序列在时间窗口内求均值，得出上涨交易日所占的百分比；
情绪刻画：数值越接近1，表明区间内股票连涨天数越多，市场处于强势的多头逼空状态或极度乐观情绪中。",price_volume_factors
Price-Volume,CNTN20,False,,,0.0663,0,3,,"【核心含义】
下跌天数占比 (Count Negative)：过去20天中收益率为负的天数占比。反映空头占据优势的交易日频率。

【运行原理】
跌势识别：逐日对比过去N天的收盘价与前一交易日收盘价，仅对“当日收盘价 < 前日收盘价”的交易日进行布尔标记（True为1，False为0）；
概率统计：在滑动窗口内对布尔序列求均值，计算出该区间内阴线（下跌日）出现的相对比例；
情绪刻画：数值越接近1，说明该区间内股票几乎每天都在下跌，反映出极强的空头压制与市场悲观情绪。",price_volume_factors
Price-Volume,RSV10,False,,,0.0619,0,3,,"【核心含义】
未成熟随机值 (Raw Stochastic Value)：KDJ指标的计算基础，(当前价-最低价)/(最高价-最低价)，反映当前价格在过去10天极值区间的相对强弱。

【运行原理】
极值扫描：在N天滑动窗口内，同时找出全局最高价(Max)和全局最低价(Min)，确定该区间的绝对波动范围；
相对位置计算：计算当前最新收盘价减去全局最低价的差额；
KD基石换算：将该差额除以总波动范围（最高价-最低价），得到未成熟随机值(RSV)；
超买超卖界定：结果在0到1之间，直观标定当前价格处于近期波动箱体的什么水位（如0.8以上为超买区，0.2以下为超卖区）。",price_volume_factors
Price-Volume,VSTD20,False,,,0.0619,0,3,,"【核心含义】
成交量波动率 (Volume STD)：过去20天成交量的相对标准差。衡量交投活跃度的稳定性。

【运行原理】
量能波动提取：在N天的滑动窗口内，计算每日成交量序列的标准差(Std)，衡量资金参与热度的极热极冷切换频率；
波动归一化：将计算出的成交量绝对标准差除以当前的最新成交量；
筹码稳定性刻画：数值越大，说明近期时而极度缩量时而放出天量，筹码极不稳定；数值越小，说明每日成交量均匀平稳，资金运作有条短不紊。",price_volume_factors
Price-Volume,KMID,False,,,0.058,0,3,,"【核心含义】
K线实体比例：衡量开盘与收盘之间的价格变动（实体），反映日内多空力量的净胜出程度。正值表示多头占优，负值表示空头占优。

【运行原理】
开收对比：读取单日 K 线的开盘价(open)和收盘价(close)；
实体计算：计算收盘价减去开盘价的差额，获取 K 线实体的绝对方向与长度；
无量纲转换：将实体长度除以开盘价，转化为相对于开盘的涨跌百分比；
多空定调：正值代表日内多头净胜，负值代表空头净胜，完全剔除了日内最高/最低价的极端波动干扰。",price_volume_factors
Price-Volume,SUMN5,False,,,0.0578,0,3,,"【核心含义】
负收益绝对值占比 (Sum Negative)：过去5天中所有负收益之和占总绝对收益的比例。反映空头砸盘的绝对力量。

【运行原理】
空头剥离：在N天的滑动窗口内，逐日比对收盘价，仅提取出下跌交易日（今日收盘<昨日收盘）的下跌绝对点数；
空头动能累加：将这N天内的所有下跌点数进行求和；
基准归一化：将空头总动能除以这N天内所有价格变化（无论涨跌）的绝对值总和；
空方势能评估：结果在0到1之间，数值越大说明区间内空头杀跌的力度在总波动中占据绝对主导。",price_volume_factors
Price-Volume,VMA30,False,,,0.057,0,3,,"【核心含义】
成交量移动平均 (Volume MA)：过去30天的成交量移动平均相对当前成交量的比值。反映成交量的近期均值回归状态。

【运行原理】
成交量聚合：在设定的N天时间窗口内，收集每一天的成交量(volume)；
均量计算：对窗口内的所有成交量求简单算术平均数(Mean)，得到该周期的平均换手水平；
放缩量换算：将计算出的移动平均成交量除以当前的最新成交量（分母加极小值防报错）；
量能异动评估：结果若远小于1，说明当日剧烈放量；若大于1，说明当日缩量。用于判断当前交投活跃度相较于历史均值的异动情况。",price_volume_factors
Price-Volume,KUP2,False,,,0.0564,0,3,,"【核心含义】
K线上影线占全天振幅比例：上影线长度在全天振幅中的占比，值越大说明上方抛压越重，多头遇阻回落。

【运行原理】
形态截取：获取单日的最高价(high)与收盘价(close)；
上影线（或实体上部）计算：计算最高价与收盘价之差，代表多头冲高后被空头打压回落的空间；
比例换算：将回落空间除以当日开盘价(open)进行标准化；
抛压测试：数值越大，说明日内冲高回落的阻力越强，上方套牢盘或抛压越重。",price_volume_factors
Price-Volume,CNTN10,False,,,0.0552,0,3,,"【核心含义】
下跌天数占比 (Count Negative)：过去10天中收益率为负的天数占比。反映空头占据优势的交易日频率。

【运行原理】
跌势识别：逐日对比过去N天的收盘价与前一交易日收盘价，仅对“当日收盘价 < 前日收盘价”的交易日进行布尔标记（True为1，False为0）；
概率统计：在滑动窗口内对布尔序列求均值，计算出该区间内阴线（下跌日）出现的相对比例；
情绪刻画：数值越接近1，说明该区间内股票几乎每天都在下跌，反映出极强的空头压制与市场悲观情绪。",price_volume_factors
Price-Volume,CNTN30,False,,,0.0552,0,3,,"【核心含义】
下跌天数占比 (Count Negative)：过去30天中收益率为负的天数占比。反映空头占据优势的交易日频率。

【运行原理】
跌势识别：逐日对比过去N天的收盘价与前一交易日收盘价，仅对“当日收盘价 < 前日收盘价”的交易日进行布尔标记（True为1，False为0）；
概率统计：在滑动窗口内对布尔序列求均值，计算出该区间内阴线（下跌日）出现的相对比例；
情绪刻画：数值越接近1，说明该区间内股票几乎每天都在下跌，反映出极强的空头压制与市场悲观情绪。",price_volume_factors
Price-Volume,RSQR20,False,,,0.0532,0,3,,"【核心含义】
价格趋势决定系数 (R-square)：过去20天价格线性回归的R平方。衡量价格趋势的线性度（平滑度），值越大说明趋势越稳定。

【运行原理】
数据准备：以时间序列（1到N）作为自变量，N天内的收盘价作为因变量；
线性拟合：进行普通最小二乘法(OLS)线性回归；
判定系数计算：计算回归模型的决定系数 R-squared (R²)，即因变量的方差中可由自变量（时间趋势）解释的比例；
趋势平稳度评估：R² 越接近1，说明价格沿直线涨跌的趋势越平稳、噪音越小；越接近0，说明走势杂乱无章、震荡剧烈。",price_volume_factors
Price-Volume,KSFT2,False,,,0.0531,0,3,,"【核心含义】
K线重心偏移占振幅比例：标准化后的重心偏移，+1表示收在最高，-1表示收在最低，是极佳的日内动量指标。

【运行原理】
中枢计算：获取当日的最高价、最低价和收盘价，(2*收盘价 - 最高价 - 最低价) 相当于评估收盘价在全天振幅(High-Low)中的相对偏移位置（偏移重心的两倍）；
相对基准：将上述偏移量除以当日开盘价(open)；
重心偏移度：用于刻画最终收盘时，多空力量将价格推离日内均衡中枢的程度，正值偏多，负值偏空。",price_volume_factors
Price-Volume,RSV5,False,,,0.053,0,3,,"【核心含义】
未成熟随机值 (Raw Stochastic Value)：KDJ指标的计算基础，(当前价-最低价)/(最高价-最低价)，反映当前价格在过去5天极值区间的相对强弱。

【运行原理】
极值扫描：在N天滑动窗口内，同时找出全局最高价(Max)和全局最低价(Min)，确定该区间的绝对波动范围；
相对位置计算：计算当前最新收盘价减去全局最低价的差额；
KD基石换算：将该差额除以总波动范围（最高价-最低价），得到未成熟随机值(RSV)；
超买超卖界定：结果在0到1之间，直观标定当前价格处于近期波动箱体的什么水位（如0.8以上为超买区，0.2以下为超卖区）。",price_volume_factors
Price-Volume,MA5,False,,,0.0529,0,3,,"【核心含义】
移动平均 (Moving Average)：过去5天的价格移动平均相对当前价格的比值。反映短期均线乖离率，常用于均线回归或趋势判断。

【运行原理】
窗口聚合：在设定的N天时间窗口内，收集每一天的收盘价；
均值计算：对窗口内的所有收盘价求简单算术平均数(Mean)，得到该周期的移动平均线点位；
乖离率换算：将计算出的移动平均值除以当前的最新收盘价；
偏离度评估：结果大于1代表价格跌破均线（超卖或下行），小于1代表价格在均线上方（超买或上行），反映了短期价格相对均值中枢的偏离状态。",price_volume_factors
Price-Volume,CNTD60,False,,,0.051,0,3,,"【核心含义】
涨跌天数差值 (Count Difference)：过去60天中上涨天数与下跌天数占比的差值。直接反映多空天数力量对比。

【运行原理】
涨跌识别：逐日对比过去N天的收盘价与前一交易日收盘价，分别标记为上涨日和下跌日；
频率统计：在设定窗口内，分别计算上涨日出现的平均概率（多头占比）和下跌日出现的平均概率（空头占比）；
净胜计算：将上涨概率减去下跌概率，得出多空双方在此区间的“净胜频次占比”；
特征输出：正值说明多头占优，负值说明空头占优，每日随着窗口前移而动态更新。",price_volume_factors
Price-Volume,RSQR5,False,,,0.0489,0,3,,"【核心含义】
价格趋势决定系数 (R-square)：过去5天价格线性回归的R平方。衡量价格趋势的线性度（平滑度），值越大说明趋势越稳定。

【运行原理】
数据准备：以时间序列（1到N）作为自变量，N天内的收盘价作为因变量；
线性拟合：进行普通最小二乘法(OLS)线性回归；
判定系数计算：计算回归模型的决定系数 R-squared (R²)，即因变量的方差中可由自变量（时间趋势）解释的比例；
趋势平稳度评估：R² 越接近1，说明价格沿直线涨跌的趋势越平稳、噪音越小；越接近0，说明走势杂乱无章、震荡剧烈。",price_volume_factors
Price-Volume,VSTD30,False,,,0.0473,0,3,,"【核心含义】
成交量波动率 (Volume STD)：过去30天成交量的相对标准差。衡量交投活跃度的稳定性。

【运行原理】
量能波动提取：在N天的滑动窗口内，计算每日成交量序列的标准差(Std)，衡量资金参与热度的极热极冷切换频率；
波动归一化：将计算出的成交量绝对标准差除以当前的最新成交量；
筹码稳定性刻画：数值越大，说明近期时而极度缩量时而放出天量，筹码极不稳定；数值越小，说明每日成交量均匀平稳，资金运作有条短不紊。",price_volume_factors
Price-Volume,KLOW2,False,,,0.0446,0,3,,"【核心含义】
K线下影线占全天振幅比例：下影线长度在全天振幅中的占比，值越大说明下方支撑越强，空头杀跌失败。

【运行原理】
形态截取：获取当日的收盘价(close)和最低价(low)；
下影线（或实体下部）计算：计算两者之间的绝对差值，代表价格从日内低点被拉回（或砸下）的空间；
比例换算：将该差值除以当日开盘价(open)进行标准化；
支撑测试：该指标用于刻画下方买盘的承接力度，数值越大说明日内探底回升的动作越明显。",price_volume_factors
Price-Volume,KMID2,False,,,0.0439,0,3,,"【核心含义】
K线实体占振幅比例：衡量K线实体占全天总振幅的比例，体现趋势的坚决程度。值越接近1说明趋势越单边。

【运行原理】
开收对比：读取单日 K 线的开盘价(open)和收盘价(close)；
实体计算：计算收盘价减去开盘价的差额，获取 K 线实体的绝对方向与长度；
无量纲转换：将实体长度除以开盘价，转化为相对于开盘的涨跌百分比；
多空定调：正值代表日内多头净胜，负值代表空头净胜，完全剔除了日内最高/最低价的极端波动干扰。",price_volume_factors
Price-Volume,CNTN5,False,,,0.0422,0,3,,"【核心含义】
下跌天数占比 (Count Negative)：过去5天中收益率为负的天数占比。反映空头占据优势的交易日频率。

【运行原理】
跌势识别：逐日对比过去N天的收盘价与前一交易日收盘价，仅对“当日收盘价 < 前日收盘价”的交易日进行布尔标记（True为1，False为0）；
概率统计：在滑动窗口内对布尔序列求均值，计算出该区间内阴线（下跌日）出现的相对比例；
情绪刻画：数值越接近1，说明该区间内股票几乎每天都在下跌，反映出极强的空头压制与市场悲观情绪。",price_volume_factors
Price-Volume,ROC5,False,,,0.0406,0,3,,"【核心含义】
收益率 (Rate of Change)：过去5天的价格变动率。反映股票在5天内的动量或反转特性。

【运行原理】
基准定位：在设定的N天时间窗口中，精确定位到窗口最左侧（期初）的收盘价；
价格比对：获取窗口最右侧（当前）的最新收盘价；
变动换算：计算当前价格相对于期初价格的比值，或计算两者的差值后再除以期初价格；
动量输出：直接刻画该时间区间内整体的价格涨跌幅（动量效应），窗口逐日滑动，实时输出最新收益率。",price_volume_factors
Price-Volume,WVMA5,False,,,0.0388,0,3,,"【核心含义】
波动加权成交量均值 (Weighted VMA)：过去5天以价格波动绝对值加权的成交量相对均值。反映大幅波动时的异常成交量特征。

【运行原理】
动能权重赋值：在N天滑动窗口内，先计算每日的价格绝对变化率（如：Abs(今日收盘/昨日收盘-1)），以此作为当日行情的“动能权重”；
量能加权：将该动能权重乘上当日的成交量，得到“价格波动加权的成交量”序列；
波动率计算：计算该加权成交量序列的标准差，并除以其均值进行无量纲化；
极端行情捕捉：该指标能极其敏感地捕捉到“巨幅震荡且伴随天量”的极端变盘日，是识别市场情绪顶底的利器。",price_volume_factors
Price-Volume,Alpha65,False,,,0.0349,0,3,,"【原始公式】
MEAN(CLOSE,6)/CLOSE

【核心含义】
国泰君安191因子体系中的 Alpha65 因子。具体业务含义参考原始研报公式解析。",price_volume_factors
Price-Volume,CNTD20,False,,,0.0324,0,3,,"【核心含义】
涨跌天数差值 (Count Difference)：过去20天中上涨天数与下跌天数占比的差值。直接反映多空天数力量对比。

【运行原理】
涨跌识别：逐日对比过去N天的收盘价与前一交易日收盘价，分别标记为上涨日和下跌日；
频率统计：在设定窗口内，分别计算上涨日出现的平均概率（多头占比）和下跌日出现的平均概率（空头占比）；
净胜计算：将上涨概率减去下跌概率，得出多空双方在此区间的“净胜频次占比”；
特征输出：正值说明多头占优，负值说明空头占优，每日随着窗口前移而动态更新。",price_volume_factors
Price-Volume,SUMP5,False,,,0.0322,0,3,,"【核心含义】
正收益绝对值占比 (Sum Positive)：过去5天中所有正收益之和占总绝对收益的比例。反映多头拉升的绝对力量（类似RSI的核心思想）。

【运行原理】
多头剥离：在N天的滑动窗口内，逐日比对收盘价，仅提取出上涨交易日（今日收盘>昨日收盘）的上涨绝对点数；
多头动能累加：将这N天内的所有上涨点数进行求和；
基准归一化：将多头总动能除以这N天内所有价格变化（无论涨跌）的绝对值总和；
多方势能评估：结果在0到1之间，本质上是经典的相对强弱指标(RSI)的计算内核，反映多头在整体波动中的支配地位。",price_volume_factors
Price-Volume,Alpha88,False,,,0.0318,0,3,,"【原始公式】
(CLOSE-DELAY(CLOSE,20))/DELAY(CLOSE,20)*100

【核心含义】
国泰君安191因子体系中的 Alpha88 因子。具体业务含义参考原始研报公式解析。",price_volume_factors
Price-Volume,SUMD60,False,,,0.03,0,3,,"【核心含义】
多空收益差占比 (Sum Difference)：过去60天中多头与空头收益绝对量之和的差值占比。反映区间内多空绝对力量的净差。

【运行原理】
涨跌拆解：在N天窗口内，计算每一天的价格变化绝对值，并区分出上涨日的变化量总和与下跌日的变化量总和；
多空轧差：将上涨总和减去下跌总和，得到多空双方博弈后的“净动能”；
基准归一化：将净动能除以这N天内所有价格变化绝对值的总和；
净势能输出：结果在-1到1之间，类似于 RSI 的变体，正值代表多头主导的上涨趋势，负值代表空头主导的下跌趋势。",price_volume_factors
Price-Volume,SUMP60,False,,,0.0252,0,3,,"【核心含义】
正收益绝对值占比 (Sum Positive)：过去60天中所有正收益之和占总绝对收益的比例。反映多头拉升的绝对力量（类似RSI的核心思想）。

【运行原理】
多头剥离：在N天的滑动窗口内，逐日比对收盘价，仅提取出上涨交易日（今日收盘>昨日收盘）的上涨绝对点数；
多头动能累加：将这N天内的所有上涨点数进行求和；
基准归一化：将多头总动能除以这N天内所有价格变化（无论涨跌）的绝对值总和；
多方势能评估：结果在0到1之间，本质上是经典的相对强弱指标(RSI)的计算内核，反映多头在整体波动中的支配地位。",price_volume_factors
Price-Volume,MA30,False,,,0.0239,0,3,,"【核心含义】
移动平均 (Moving Average)：过去30天的价格移动平均相对当前价格的比值。反映短期均线乖离率，常用于均线回归或趋势判断。

【运行原理】
窗口聚合：在设定的N天时间窗口内，收集每一天的收盘价；
均值计算：对窗口内的所有收盘价求简单算术平均数(Mean)，得到该周期的移动平均线点位；
乖离率换算：将计算出的移动平均值除以当前的最新收盘价；
偏离度评估：结果大于1代表价格跌破均线（超卖或下行），小于1代表价格在均线上方（超买或上行），反映了短期价格相对均值中枢的偏离状态。",price_volume_factors
Price-Volume,ROC20,False,,,0.022,0,3,,"【核心含义】
收益率 (Rate of Change)：过去20天的价格变动率。反映股票在20天内的动量或反转特性。

【运行原理】
基准定位：在设定的N天时间窗口中，精确定位到窗口最左侧（期初）的收盘价；
价格比对：获取窗口最右侧（当前）的最新收盘价；
变动换算：计算当前价格相对于期初价格的比值，或计算两者的差值后再除以期初价格；
动量输出：直接刻画该时间区间内整体的价格涨跌幅（动量效应），窗口逐日滑动，实时输出最新收益率。",price_volume_factors
Price-Volume,CNTD10,False,,,0.0158,0,3,,"【核心含义】
涨跌天数差值 (Count Difference)：过去10天中上涨天数与下跌天数占比的差值。直接反映多空天数力量对比。

【运行原理】
涨跌识别：逐日对比过去N天的收盘价与前一交易日收盘价，分别标记为上涨日和下跌日；
频率统计：在设定窗口内，分别计算上涨日出现的平均概率（多头占比）和下跌日出现的平均概率（空头占比）；
净胜计算：将上涨概率减去下跌概率，得出多空双方在此区间的“净胜频次占比”；
特征输出：正值说明多头占优，负值说明空头占优，每日随着窗口前移而动态更新。",price_volume_factors
Price-Volume,SUMD30,False,,,0.0148,0,3,,"【核心含义】
多空收益差占比 (Sum Difference)：过去30天中多头与空头收益绝对量之和的差值占比。反映区间内多空绝对力量的净差。

【运行原理】
涨跌拆解：在N天窗口内，计算每一天的价格变化绝对值，并区分出上涨日的变化量总和与下跌日的变化量总和；
多空轧差：将上涨总和减去下跌总和，得到多空双方博弈后的“净动能”；
基准归一化：将净动能除以这N天内所有价格变化绝对值的总和；
净势能输出：结果在-1到1之间，类似于 RSI 的变体，正值代表多头主导的上涨趋势，负值代表空头主导的下跌趋势。",price_volume_factors
Price-Volume,QTLU10,False,,,0.0147,0,3,,"【核心含义】
区间上分位数 (Quantile Up)：过去10天价格的80%分位数相对当前价格的比值。类似布林带上轨概念。

【运行原理】
分位数排序：在设定的N天时间窗口内，将所有交易日的收盘价从小到大进行排列；
高位分位提取：提取位于 80% 分位点(0.8)的收盘价，作为该区间的“稳健压力位”（剔除了极端的单日最高价干扰）；
归一化处理：将该80%分位价格除以当前的最新收盘价；
上行阻力评估：衡量当前价格距离近期筹码高位密集区的距离，评估向上突破需要克服的阻力大小。",price_volume_factors
Price-Volume,KSFT,False,,,0.0137,0,3,,"【核心含义】
K线重心偏移比例：衡量收盘价在日内波动区间的相对位置（2*收盘-最高-最低），反映日内最终的偏向。

【运行原理】
中枢计算：获取当日的最高价、最低价和收盘价，(2*收盘价 - 最高价 - 最低价) 相当于评估收盘价在全天振幅(High-Low)中的相对偏移位置（偏移重心的两倍）；
相对基准：将上述偏移量除以当日开盘价(open)；
重心偏移度：用于刻画最终收盘时，多空力量将价格推离日内均衡中枢的程度，正值偏多，负值偏空。",price_volume_factors
Price-Volume,RSV20,False,,,0.013,0,3,,"【核心含义】
未成熟随机值 (Raw Stochastic Value)：KDJ指标的计算基础，(当前价-最低价)/(最高价-最低价)，反映当前价格在过去20天极值区间的相对强弱。

【运行原理】
极值扫描：在N天滑动窗口内，同时找出全局最高价(Max)和全局最低价(Min)，确定该区间的绝对波动范围；
相对位置计算：计算当前最新收盘价减去全局最低价的差额；
KD基石换算：将该差额除以总波动范围（最高价-最低价），得到未成熟随机值(RSV)；
超买超卖界定：结果在0到1之间，直观标定当前价格处于近期波动箱体的什么水位（如0.8以上为超买区，0.2以下为超卖区）。",price_volume_factors
Price-Volume,Alpha31,False,,,0.0125,0,3,,"【原始公式】
LOSE-MEAN(CLOSE,12))/MEAN(CLOSE,12)*100

【核心含义】
国泰君安191因子体系中的 Alpha31 因子。具体业务含义参考原始研报公式解析。",price_volume_factors
Price-Volume,SUMD20,False,,,0.0109,0,3,,"【核心含义】
多空收益差占比 (Sum Difference)：过去20天中多头与空头收益绝对量之和的差值占比。反映区间内多空绝对力量的净差。

【运行原理】
涨跌拆解：在N天窗口内，计算每一天的价格变化绝对值，并区分出上涨日的变化量总和与下跌日的变化量总和；
多空轧差：将上涨总和减去下跌总和，得到多空双方博弈后的“净动能”；
基准归一化：将净动能除以这N天内所有价格变化绝对值的总和；
净势能输出：结果在-1到1之间，类似于 RSI 的变体，正值代表多头主导的上涨趋势，负值代表空头主导的下跌趋势。",price_volume_factors
Price-Volume,MA20,False,,,0.0101,0,3,,"【核心含义】
移动平均 (Moving Average)：过去20天的价格移动平均相对当前价格的比值。反映短期均线乖离率，常用于均线回归或趋势判断。

【运行原理】
窗口聚合：在设定的N天时间窗口内，收集每一天的收盘价；
均值计算：对窗口内的所有收盘价求简单算术平均数(Mean)，得到该周期的移动平均线点位；
乖离率换算：将计算出的移动平均值除以当前的最新收盘价；
偏离度评估：结果大于1代表价格跌破均线（超卖或下行），小于1代表价格在均线上方（超买或上行），反映了短期价格相对均值中枢的偏离状态。",price_volume_factors
Price-Volume,SUMN10,False,,,0.0099,0,3,,"【核心含义】
负收益绝对值占比 (Sum Negative)：过去10天中所有负收益之和占总绝对收益的比例。反映空头砸盘的绝对力量。

【运行原理】
空头剥离：在N天的滑动窗口内，逐日比对收盘价，仅提取出下跌交易日（今日收盘<昨日收盘）的下跌绝对点数；
空头动能累加：将这N天内的所有下跌点数进行求和；
基准归一化：将空头总动能除以这N天内所有价格变化（无论涨跌）的绝对值总和；
空方势能评估：结果在0到1之间，数值越大说明区间内空头杀跌的力度在总波动中占据绝对主导。",price_volume_factors
Price-Volume,SUMP20,False,,,0.0078,0,3,,"【核心含义】
正收益绝对值占比 (Sum Positive)：过去20天中所有正收益之和占总绝对收益的比例。反映多头拉升的绝对力量（类似RSI的核心思想）。

【运行原理】
多头剥离：在N天的滑动窗口内，逐日比对收盘价，仅提取出上涨交易日（今日收盘>昨日收盘）的上涨绝对点数；
多头动能累加：将这N天内的所有上涨点数进行求和；
基准归一化：将多头总动能除以这N天内所有价格变化（无论涨跌）的绝对值总和；
多方势能评估：结果在0到1之间，本质上是经典的相对强弱指标(RSI)的计算内核，反映多头在整体波动中的支配地位。",price_volume_factors
Price-Volume,CNTD5,False,,,0.0077,0,3,,"【核心含义】
涨跌天数差值 (Count Difference)：过去5天中上涨天数与下跌天数占比的差值。直接反映多空天数力量对比。

【运行原理】
涨跌识别：逐日对比过去N天的收盘价与前一交易日收盘价，分别标记为上涨日和下跌日；
频率统计：在设定窗口内，分别计算上涨日出现的平均概率（多头占比）和下跌日出现的平均概率（空头占比）；
净胜计算：将上涨概率减去下跌概率，得出多空双方在此区间的“净胜频次占比”；
特征输出：正值说明多头占优，负值说明空头占优，每日随着窗口前移而动态更新。",price_volume_factors
Price-Volume,SUMD5,False,,,0.0068,0,3,,"【核心含义】
多空收益差占比 (Sum Difference)：过去5天中多头与空头收益绝对量之和的差值占比。反映区间内多空绝对力量的净差。

【运行原理】
涨跌拆解：在N天窗口内，计算每一天的价格变化绝对值，并区分出上涨日的变化量总和与下跌日的变化量总和；
多空轧差：将上涨总和减去下跌总和，得到多空双方博弈后的“净动能”；
基准归一化：将净动能除以这N天内所有价格变化绝对值的总和；
净势能输出：结果在-1到1之间，类似于 RSI 的变体，正值代表多头主导的上涨趋势，负值代表空头主导的下跌趋势。",price_volume_factors
Price-Volume,SUMP10,False,,,0.0067,0,3,,"【核心含义】
正收益绝对值占比 (Sum Positive)：过去10天中所有正收益之和占总绝对收益的比例。反映多头拉升的绝对力量（类似RSI的核心思想）。

【运行原理】
多头剥离：在N天的滑动窗口内，逐日比对收盘价，仅提取出上涨交易日（今日收盘>昨日收盘）的上涨绝对点数；
多头动能累加：将这N天内的所有上涨点数进行求和；
基准归一化：将多头总动能除以这N天内所有价格变化（无论涨跌）的绝对值总和；
多方势能评估：结果在0到1之间，本质上是经典的相对强弱指标(RSI)的计算内核，反映多头在整体波动中的支配地位。",price_volume_factors
Price-Volume,Alpha18,False,,,0.0064,0,3,,"【原始公式】
CLOSE/DELAY(CLOSE,5)

【核心含义】
国泰君安191因子体系中的 Alpha18 因子。具体业务含义参考原始研报公式解析。",price_volume_factors
Price-Volume,SUMN20,False,,,0.0063,0,3,,"【核心含义】
负收益绝对值占比 (Sum Negative)：过去20天中所有负收益之和占总绝对收益的比例。反映空头砸盘的绝对力量。

【运行原理】
空头剥离：在N天的滑动窗口内，逐日比对收盘价，仅提取出下跌交易日（今日收盘<昨日收盘）的下跌绝对点数；
空头动能累加：将这N天内的所有下跌点数进行求和；
基准归一化：将空头总动能除以这N天内所有价格变化（无论涨跌）的绝对值总和；
空方势能评估：结果在0到1之间，数值越大说明区间内空头杀跌的力度在总波动中占据绝对主导。",price_volume_factors
Price-Volume,Alpha19,False,,,0.0062,0,3,,"【原始公式】
(CLOSE<DELAY(CLOSE,5)?(CLOSE-DELAY(CLOSE,5))/DELAY(CLOSE,5):(CLOSE=DELAY(CLOSE,5)?0:(CLOSE-DELAY(CLOSE,5))/CLOSE))

【核心含义】
国泰君安191因子体系中的 Alpha19 因子。具体业务含义参考原始研报公式解析。",price_volume_factors
Price-Volume,Alpha66,False,,,0.0059,0,3,,"【原始公式】
(CLOSE-MEAN(CLOSE,6))/MEAN(CLOSE,6)*100

【核心含义】
国泰君安191因子体系中的 Alpha66 因子。具体业务含义参考原始研报公式解析。",price_volume_factors
Price-Volume,QTLU5,False,,,0.0056,0,3,,"【核心含义】
区间上分位数 (Quantile Up)：过去5天价格的80%分位数相对当前价格的比值。类似布林带上轨概念。

【运行原理】
分位数排序：在设定的N天时间窗口内，将所有交易日的收盘价从小到大进行排列；
高位分位提取：提取位于 80% 分位点(0.8)的收盘价，作为该区间的“稳健压力位”（剔除了极端的单日最高价干扰）；
归一化处理：将该80%分位价格除以当前的最新收盘价；
上行阻力评估：衡量当前价格距离近期筹码高位密集区的距离，评估向上突破需要克服的阻力大小。",price_volume_factors
Price-Volume,OPEN0,False,,,0.0053,0,3,,"【核心含义】
相对收盘的开盘价：衡量今日开盘价相对于最新收盘价的位置，反映隔夜跳空与日内波动的综合结果。

【运行原理】
数据截取：获取当前单个交易日的开盘价(open)和收盘价(close)；
相对换算：将开盘价直接除以收盘价；
日内演变：若大于1，说明高开低走（收阴）；若小于1，说明低开高走（收阳）。该值直观呈现了日内交易时段价格的整体漂移方向。",price_volume_factors
Price-Volume,VMA20,False,,,0.0049,0,3,,"【核心含义】
成交量移动平均 (Volume MA)：过去20天的成交量移动平均相对当前成交量的比值。反映成交量的近期均值回归状态。

【运行原理】
成交量聚合：在设定的N天时间窗口内，收集每一天的成交量(volume)；
均量计算：对窗口内的所有成交量求简单算术平均数(Mean)，得到该周期的平均换手水平；
放缩量换算：将计算出的移动平均成交量除以当前的最新成交量（分母加极小值防报错）；
量能异动评估：结果若远小于1，说明当日剧烈放量；若大于1，说明当日缩量。用于判断当前交投活跃度相较于历史均值的异动情况。",price_volume_factors
Price-Volume,VSUMP10,False,,,0.0036,0,3,,"【核心含义】
放量绝对值占比 (Volume Sum Positive)：过去10天中成交量增加部分的绝对量占比。

【运行原理】
追涨量剥离：在N天窗口内，专门筛选出股价上涨当天的成交量变化量；
多头量能累加：将符合条件的追涨量能进行加总；
总基准归一化：将总的多头量能除以这N天内所有的成交量绝对变化之和；
资金抢筹评估：数值越大，说明该区间内的波动主要由资金积极入场抢筹的放量上涨所主导，是判断底部建仓或主升浪的重要依据。",price_volume_factors
Price-Volume,SUMD10,False,,,0.0029,0,3,,"【核心含义】
多空收益差占比 (Sum Difference)：过去10天中多头与空头收益绝对量之和的差值占比。反映区间内多空绝对力量的净差。

【运行原理】
涨跌拆解：在N天窗口内，计算每一天的价格变化绝对值，并区分出上涨日的变化量总和与下跌日的变化量总和；
多空轧差：将上涨总和减去下跌总和，得到多空双方博弈后的“净动能”；
基准归一化：将净动能除以这N天内所有价格变化绝对值的总和；
净势能输出：结果在-1到1之间，类似于 RSI 的变体，正值代表多头主导的上涨趋势，负值代表空头主导的下跌趋势。",price_volume_factors
Price-Volume,VSUMN5,False,,,0.0029,0,3,,"【核心含义】
缩量绝对值占比 (Volume Sum Negative)：过去5天中成交量减少部分的绝对量占比。

【运行原理】
杀跌量剥离：在N天窗口内，专门筛选出股价下跌当天的成交量变化量（若比前一日缩量则取差值，具体视公式而定）；
空头量能累加：将符合条件的下跌量能进行加总；
总基准归一化：将总的空头量能除以这N天内所有的成交量绝对变化之和；
恐慌抛盘评估：数值越大，说明该区间内的波动主要由恐慌性的放量杀跌所主导。",price_volume_factors
Price-Volume,VSUMD30,False,,,0.0029,0,3,,"【核心含义】
放缩量净差占比 (Volume Sum Difference)：过去30天成交量增加与减少部分的净差占比。

【运行原理】
量能多空拆解：在N天窗口内，根据当日股价的涨跌，将成交量变化拆分为“伴随上涨的增量”与“伴随下跌的增量”；
量能轧差：计算上涨增量总和与下跌增量总和的差值，得到资金追涨杀跌的“净量能”；
总基准归一化：将净量能除以这N天内所有成交量绝对变化的整体和；
资金净推力：正值代表放量上涨的良性推力，负值代表放量下跌的恶性砸盘，用于甄别资金的真实意图。",price_volume_factors
Price-Volume,Alpha34,False,,,0.0027,0,3,,"【原始公式】
MEAN(CLOSE,12)/CLOSE

【核心含义】
国泰君安191因子体系中的 Alpha34 因子。具体业务含义参考原始研报公式解析。",price_volume_factors
Price-Volume,VSUMP20,False,,,0.0022,0,3,,"【核心含义】
放量绝对值占比 (Volume Sum Positive)：过去20天中成交量增加部分的绝对量占比。

【运行原理】
追涨量剥离：在N天窗口内，专门筛选出股价上涨当天的成交量变化量；
多头量能累加：将符合条件的追涨量能进行加总；
总基准归一化：将总的多头量能除以这N天内所有的成交量绝对变化之和；
资金抢筹评估：数值越大，说明该区间内的波动主要由资金积极入场抢筹的放量上涨所主导，是判断底部建仓或主升浪的重要依据。",price_volume_factors
Price-Volume,VSUMD20,False,,,0.0016,0,3,,"【核心含义】
放缩量净差占比 (Volume Sum Difference)：过去20天成交量增加与减少部分的净差占比。

【运行原理】
量能多空拆解：在N天窗口内，根据当日股价的涨跌，将成交量变化拆分为“伴随上涨的增量”与“伴随下跌的增量”；
量能轧差：计算上涨增量总和与下跌增量总和的差值，得到资金追涨杀跌的“净量能”；
总基准归一化：将净量能除以这N天内所有成交量绝对变化的整体和；
资金净推力：正值代表放量上涨的良性推力，负值代表放量下跌的恶性砸盘，用于甄别资金的真实意图。",price_volume_factors
Price-Volume,VSUMP5,False,,,0.0015,0,3,,"【核心含义】
放量绝对值占比 (Volume Sum Positive)：过去5天中成交量增加部分的绝对量占比。

【运行原理】
追涨量剥离：在N天窗口内，专门筛选出股价上涨当天的成交量变化量；
多头量能累加：将符合条件的追涨量能进行加总；
总基准归一化：将总的多头量能除以这N天内所有的成交量绝对变化之和；
资金抢筹评估：数值越大，说明该区间内的波动主要由资金积极入场抢筹的放量上涨所主导，是判断底部建仓或主升浪的重要依据。",price_volume_factors
Price-Volume,VSUMD5,False,,,0.0,0,3,,"【核心含义】
放缩量净差占比 (Volume Sum Difference)：过去5天成交量增加与减少部分的净差占比。

【运行原理】
量能多空拆解：在N天窗口内，根据当日股价的涨跌，将成交量变化拆分为“伴随上涨的增量”与“伴随下跌的增量”；
量能轧差：计算上涨增量总和与下跌增量总和的差值，得到资金追涨杀跌的“净量能”；
总基准归一化：将净量能除以这N天内所有成交量绝对变化的整体和；
资金净推力：正值代表放量上涨的良性推力，负值代表放量下跌的恶性砸盘，用于甄别资金的真实意图。",price_volume_factors
Quality,roa_ttm,False,,,0.3886,1,3,Window_2023,总资产收益率（TTM）。剔除财务杠杆影响，更贴合企业真实盈利。,quality_factors
Quality,roe_ttm,False,,,0.3661,2,3,Window_2023,净资产收益率（TTM）。反映股东权益的盈利效率，值越高盈利能力越强。,quality_factors
Quality,inv_turn,False,,,0.3089,1,3,Window_2023,存货周转率。反映企业存货管理的效率，数值越高说明存货变现速度越快。,quality_factors
Quality,grossprofit_margin,False,,,0.3082,1,3,Window_2023,销售毛利率（TTM）。反映企业产品的核心盈利空间，值越高产品竞争力越强。,quality_factors
Quality,current_ratio,False,,,0.307,1,3,Window_2023,流动比率。反映企业短期偿债能力和资金周转状况。,quality_factors
Quality,netprofit_margin,False,,,0.2883,2,3,Window_2023,销售净利率（TTM）。反映企业每 1 元营收的净利润，综合体现成本、费用控制能力。,quality_factors
Quality,ocf_to_netprofit,False,,,0.2828,0,3,,盈利现金流含量。n_cashflow_act(cashflow_statement) / n_income_attr_p(income_statement),quality_factors
Quality,debt_to_assets,False,,,0.23,1,3,Window_2023,资产负债率。反映企业的财务杠杆和长期偿债风险。,quality_factors
Quality,q_profit_yoy,False,,,0.0,0,3,,扣非净利润同比。ClickHouse 无此列，Qlib 数据缓存不完整，暂时无法生成。,quality_factors
Reversal,VOL_REV,True,1.0,1.0,0.643,3,3,Window_2023,过去60日收益率标准差取负，捕捉波动率反转效应,reversal_momentum_factors
Reversal,EXTREME_REV,False,,,0.471,0,3,,当日涨跌幅超过9.5%时取反，否则为0,reversal_momentum_factors
Reversal,STR_20d,False,,,0.3646,1,3,Window_2023,过去20个交易日收益率取负，捕捉短期反转效应,reversal_momentum_factors
Reversal,short_reversal,False,,,0.2445,0,3,,5日收益率。周频核心反转因子，通常与下周收益呈负相关（跌得多的容易反弹）。,price_volume_factors
Reversal,LTR_12m,False,,,0.2151,0,3,,过去1年收益率取负（跳过最近20天），捕捉长期反转效应,reversal_momentum_factors
Reversal,STR_5d,False,,,0.1785,0,3,,过去5个交易日收益率取负，捕捉超短期反转效应,reversal_momentum_factors
Size & Liquidity,illiquidity_amihud,False,1.0,1.0,0.6016,2,3,Window_2024,Amihud 非流动性指标,style_factors
Size & Liquidity,total_mv_log,True,-1.0,1.0,0.5646,3,3,Window_2023,总市值对数（负向）,style_factors
Size & Liquidity,volume_surge,False,,,0.4924,1,3,Window_2023,5日均量除以60日均量。捕捉近期资金温和活跃的标的，避免买入死水股。,price_volume_factors
Size & Liquidity,turnover_rate_1m,False,,,0.2619,0,3,,过去20个交易日换手率均值。,style_factors
Size & Liquidity,circ_mv,False,,,0.0,0,3,,流通市值的自然对数。反映公司的体量大小。,style_factors
Value,pe_ttm,False,,,0.6191,1,3,,市盈率（TTM）。反映股价相对盈利的溢价，值越低估值越低。,style_factors
Value,pb_lf,False,,,0.4882,0,3,,市净率（LF）。反映股价相对最新净资产的溢价。,style_factors
Value,ps_ttm,False,,,0.446,0,3,,市销率（TTM）。反映股价相对营收的溢价。,style_factors
Value,dv_ttm,False,,,0.2487,0,3,,股息率（TTM）。反映股票的现金回报能力。,style_factors
Volatility & Risk,volatility_1m,True,-1.0,1.0,0.6021,2,3,Window_2023,过去20个交易日的日收益率标准差。低波动率异象：A股中历史波动率低的股票，未来收益往往更高且回撤小。,risk_factors
Volatility & Risk,shareholder_change,True,-1.0,1.0,0.4276,2,3,Window_2023,股东人数变化。需 forward-fill 后做 LAG，走 Qlib 兜底。,risk_factors
Volatility & Risk,beta,False,,,0.2998,0,3,,Beta系数。DuckDB 滚动60日协方差回归计算。,risk_factors
Volatility & Risk,pledge_ratio,False,,,0.2688,0,3,,质押比例,risk_factors
